experiment,epoch,train_loss,loss_global_ic,loss_multi,loss_div,loss_spread,loss_top_focus,loss_pairwise,h1,h3,h5,h7,alpha,topbot_h1,topbot_h3,topbot_h5,topbot_h7,topret_h1_top0p6,topret_h3_top0p6,topret_h5_top0p6,topret_h7_top0p6,topret_h1_top1,topret_h3_top1,topret_h5_top1,topret_h7_top1,topret_h1_top2,topret_h3_top2,topret_h5_top2,topret_h7_top2,topret_h1_top5,topret_h3_top5,topret_h5_top5,topret_h7_top5,topret_h1_top10,topret_h3_top10,topret_h5_top10,topret_h7_top10,topic_h1_top0p6,topic_h3_top0p6,topic_h5_top0p6,topic_h7_top0p6,topic_h1_top1,topic_h3_top1,topic_h5_top1,topic_h7_top1,topic_h1_top2,topic_h3_top2,topic_h5_top2,topic_h7_top2,topic_h1_top5,topic_h3_top5,topic_h5_top5,topic_h7_top5,topic_h1_top10,topic_h3_top10,topic_h5_top10,topic_h7_top10,topstable_h1_top0p6,topstable_h3_top0p6,topstable_h5_top0p6,topstable_h7_top0p6,topstable_h1_top1,topstable_h3_top1,topstable_h5_top1,topstable_h7_top1,topstable_h1_top2,topstable_h3_top2,topstable_h5_top2,topstable_h7_top2,topstable_h1_top5,topstable_h3_top5,topstable_h5_top5,topstable_h7_top5,topstable_h1_top10,topstable_h3_top10,topstable_h5_top10,topstable_h7_top10,rawtopret_h1_top0p6,rawtopret_h3_top0p6,rawtopret_h5_top0p6,rawtopret_h7_top0p6,rawtopret_h1_top1,rawtopret_h3_top1,rawtopret_h5_top1,rawtopret_h7_top1,rawtopret_h1_top2,rawtopret_h3_top2,rawtopret_h5_top2,rawtopret_h7_top2,rawtopret_h1_top5,rawtopret_h3_top5,rawtopret_h5_top5,rawtopret_h7_top5,rawtopret_h1_top10,rawtopret_h3_top10,rawtopret_h5_top10,rawtopret_h7_top10,rawtopstable_h1_top0p6,rawtopstable_h3_top0p6,rawtopstable_h5_top0p6,rawtopstable_h7_top0p6,rawtopstable_h1_top1,rawtopstable_h3_top1,rawtopstable_h5_top1,rawtopstable_h7_top1,rawtopstable_h1_top2,rawtopstable_h3_top2,rawtopstable_h5_top2,rawtopstable_h7_top2,rawtopstable_h1_top5,rawtopstable_h3_top5,rawtopstable_h5_top5,rawtopstable_h7_top5,rawtopstable_h1_top10,rawtopstable_h3_top10,rawtopstable_h5_top10,rawtopstable_h7_top10,loss_within_ic
A0,1,-0.14049196271992773,-0.11337891630060715,-0.09037681850607525,0.21020289129495467,0.0,0.0,0.0,0.06142193201872713,0.08482692182325392,0.09454083539088017,0.09453525141967535,0.09993143137667258,0.22215497493743896,0.28235262632369995,0.295545756816864,0.2840768098831177,0.1423511505126953,0.11656831949949265,0.0886344239115715,0.07034718245267868,0.1353599727153778,0.11746000498533249,0.09338820725679398,0.07220493257045746,0.11840410530567169,0.09981418401002884,0.08296896517276764,0.059320952743291855,0.08888442069292068,0.08695891499519348,0.07307203859090805,0.054123762995004654,0.0701894462108612,0.07508817315101624,0.06752799451351166,0.05366842448711395,0.044423329059099764,0.020624406902927994,0.01375053900542127,0.013988117194660926,0.026493620127306522,0.01223171719755847,0.00413806850835966,0.005781234021045484,0.024479239584593093,0.016482660965264233,0.008235764468997216,0.00982734466138826,0.0243236740680934,0.01309999499104508,0.007075558573005552,0.0035667324619627983,0.02497028721970706,0.014371602195631722,0.007494257689264096,0.002112178162279836,0.2874756949036774,0.2471229098498276,0.19381606698064813,0.1522255444542689,0.3152395657163358,0.2779112950854309,0.2248499342789472,0.1743310638831086,0.30381288355404307,0.2590508460568191,0.21825817314291548,0.1588857759510768,0.271625892959404,0.261803053320021,0.22819295486473412,0.16710875431892153,0.25135617538329297,0.2581013134434043,0.2428288504912433,0.19116011160163854,0.004458426497876644,0.009099953807890415,0.010954771190881729,0.01249382272362709,0.004224258940666914,0.008771795779466629,0.01087754312902689,0.012077530845999718,0.003706791903823614,0.007651712745428085,0.009978631511330605,0.010919544845819473,0.0028663596604019403,0.006836002226918936,0.009106280282139778,0.010336410254240036,0.002341779414564371,0.006057878490537405,0.008482515811920166,0.009918119758367538,0.13973509498490533,0.15295317322312987,0.1471225108102944,0.14327771730808492,0.1381081461230313,0.1486131644517503,0.14628533048236936,0.14101040397930914,0.12306224055596839,0.1308554890196438,0.13585556246611272,0.12904137671392407,0.09778101204527305,0.12010512458859413,0.1262573701273605,0.12314875409629251,0.08283018190659278,0.10986124665444387,0.12048850079811188,0.12049586540415164,
A0,2,-0.1811032331749546,-0.14488346964668636,-0.12073254042212539,0.20489319421548918,0.0,0.0,0.0,0.07890993419754719,0.09942519561829499,0.11090631737992719,0.1151148559031015,0.12093916597652203,0.2324790358543396,0.3100840449333191,0.3357474207878113,0.33526790142059326,0.1495257318019867,0.10207340866327286,0.06446793675422668,0.052731432020664215,0.11914068460464478,0.09120239317417145,0.06948722898960114,0.055657658725976944,0.09271785616874695,0.08223765343427658,0.07080420106649399,0.05990144610404968,0.07502253353595734,0.07952992618083954,0.07444817572832108,0.0640140101313591,0.06191539391875267,0.07165982574224472,0.07274705171585083,0.06690479815006256,0.029830147125834924,0.0050349191960380795,0.00036496970803928474,-0.003071473231269865,0.039718022595672114,0.009773799421691048,-0.00616656178294642,-0.0077384565470334996,0.03958466417196213,0.012282465298981119,-0.0030679592504515335,-0.007982044703134017,0.027819644971892703,0.006314618841766362,-0.005041388413024232,-0.006341409995602931,0.024584187761883078,0.009192700206847459,-0.0011594606082860196,-0.005525876476224042,0.34701618241140875,0.23723376795122653,0.1487908753774153,0.1253163247009341,0.31632439404971474,0.2359185704928636,0.17864460746873248,0.14752707024878506,0.28358953157556677,0.24226113648508157,0.20799624800925998,0.17955125119025359,0.26657363873870893,0.2660494643673028,0.251464451807115,0.2186723266955889,0.24803200307194903,0.2679058413481296,0.27510581120531674,0.25153550853101553,0.004721475765109062,0.008597007021307945,0.00926495622843504,0.010316419415175915,0.0037292991764843464,0.007857777178287506,0.009270774200558662,0.010557310655713081,0.00300294766202569,0.006991344504058361,0.008912501856684685,0.010252771899104118,0.002462766831740737,0.006325225345790386,0.008723280392587185,0.01024715043604374,0.002069137990474701,0.005744648166000843,0.00831286795437336,0.01005040854215622,0.15421087857831584,0.1425994571616415,0.1183374907892013,0.11761989632791746,0.12488496756284219,0.13248891855099282,0.12039976103559684,0.12107050130575872,0.10313801866422272,0.1212415154480898,0.11808954202788088,0.11901712963291394,0.0868154338752175,0.11293159275290643,0.11830169990109186,0.12112246060357146,0.07451335387220037,0.10500916863038816,0.11599487824060604,0.12105588303680483,
A0,3,-0.19927211530008332,-0.15895335813354394,-0.13439585186029585,0.2328669934079123,0.0,0.0,0.0,0.08243657600620717,0.10260183600270517,0.11272088561756118,0.11610838085974026,0.12176819388329839,0.2593483030796051,0.3223952651023865,0.34044086933135986,0.33367493748664856,0.21942773461341858,0.12536020576953888,0.08104060590267181,0.07042526453733444,0.18093951046466827,0.11854951083660126,0.0790317952632904,0.06875044852495193,0.14728233218193054,0.10585449635982513,0.07922559231519699,0.06761407107114792,0.1099085807800293,0.09916660189628601,0.08809639513492584,0.07410262525081635,0.08930404484272003,0.08734331279993057,0.08238159865140915,0.07480816543102264,0.06355354767161009,0.024234725576163418,0.01269211878226663,0.006142508197464524,0.061013887083107246,0.01892949787392816,0.005556796926329799,0.00022371555284652413,0.05048002229994565,0.01715807185660617,0.002768836675281008,0.0015712096444482424,0.04636303597653932,0.011422446266485383,-0.0061339714742280945,-0.006137271949220045,0.03912883980208377,0.014387980960548953,9.36371465870728e-05,-0.003980937828274873,0.43543419841057424,0.27152217305640947,0.17373012329995396,0.15320115811123944,0.4135061737879018,0.2731978515556611,0.1851582776667911,0.16460606420348395,0.39763320393457097,0.280210950200997,0.2112930676312749,0.18223522883107732,0.34909286155964353,0.310958862789397,0.27692404132812054,0.23540164891000656,0.33354908012215484,0.307637487795697,0.29310913651357157,0.26675396411807045,0.006901389919221401,0.010086201131343842,0.010651865042746067,0.012271900661289692,0.00586535083130002,0.00970205757766962,0.010460364632308483,0.011969718150794506,0.004743519239127636,0.008511635474860668,0.009964720346033573,0.01133219338953495,0.0036227768287062645,0.007585019338876009,0.009934642352163792,0.011334171518683434,0.002987297484651208,0.00672067329287529,0.009277419187128544,0.010999437421560287,0.22054563675841368,0.17306147472185182,0.14614877887838187,0.14637793162733534,0.18964683134213273,0.16442207388311336,0.1424818767068481,0.14295169954125508,0.15902435857738415,0.14935972449308085,0.13872670205077747,0.13709163185614284,0.1254870508950471,0.13840384707139258,0.14261237385044293,0.14032972818589506,0.10711676922301856,0.12710504430107897,0.1360070369484962,0.1384203236057413,
A0,4,-0.21530035199286895,-0.17150634983869423,-0.1459800008454378,0.2445591987259146,0.0,0.0,0.0,0.09329581320646362,0.10842685368184365,0.11684705013374816,0.11927401704005956,0.12858143997563828,0.26580673456192017,0.34484946727752686,0.3634527027606964,0.3560071885585785,0.19181041419506073,0.14545530080795288,0.09484589844942093,0.07695822417736053,0.1711311936378479,0.1336108297109604,0.09496933966875076,0.07343015819787979,0.13904938101768494,0.12308694422245026,0.09168291836977005,0.07722053676843643,0.1028602197766304,0.10813389718532562,0.09416221082210541,0.08127076178789139,0.08711130172014236,0.0968117043375969,0.09127400815486908,0.08239541947841644,0.04923514600568519,0.02988752321975234,0.033679336949755,0.020874361629110293,0.04197358868096446,0.02562804386470816,0.019441342607399117,0.014284324039446255,0.04243980317580393,0.016583105723280228,0.008836955036496941,0.00303777674327138,0.03933686615741285,0.015249265942060625,0.0023591114777216276,-0.001906145116859855,0.031828981529171595,0.01590927303602936,0.0033243926987697793,-0.0014517592950943692,0.358101139351426,0.2958234304130493,0.19204851618388072,0.15849379202277616,0.35136360630489294,0.3015052252608429,0.2116653812065374,0.16466254614952075,0.323876959702579,0.3058775307256295,0.22880578851103323,0.19063090277762365,0.2833240814905188,0.30708068236861535,0.2670031950779037,0.2291482907873142,0.27902971088557027,0.31079230078796316,0.2960552809637163,0.26709870841753713,0.006022898480296135,0.010814281180500984,0.011637484654784203,0.012913753278553486,0.005426276940852404,0.009918304160237312,0.011421715840697289,0.012480957433581352,0.004496424458920956,0.009104574099183083,0.010923138819634914,0.01256255991756916,0.003319098148494959,0.008046352304518223,0.010884714312851429,0.012779414653778076,0.002863464178517461,0.007289248984307051,0.010327919386327267,0.012418542057275772,0.17903834940188906,0.17367406496595789,0.1495569821403472,0.14517382931207717,0.16416792918746148,0.16112997157781297,0.1462941965863897,0.1396654517402825,0.13824969626109,0.1508670108681893,0.142469674516739,0.142601443133859,0.10708776378758841,0.13756026206306485,0.14317581846468014,0.1452289914868792,0.09582826469709065,0.12985187692111044,0.1403613192531756,0.1449159508225521,
A0,5,-0.23070742777317588,-0.18361081211216937,-0.15698871244862,0.26633095298556314,0.0,0.0,0.0,0.0940536497882696,0.10717185127379622,0.11293301627654015,0.11496991165548674,0.1255061413217551,0.27583426237106323,0.34911632537841797,0.35651376843452454,0.34941279888153076,0.2613714933395386,0.1758965104818344,0.11047514528036118,0.08788615465164185,0.21658486127853394,0.15905003249645233,0.10466056317090988,0.08596689999103546,0.16766028106212616,0.14426803588867188,0.10246782004833221,0.08659467101097107,0.12181384116411209,0.11987624317407608,0.09700838476419449,0.0848340168595314,0.09787371754646301,0.10283458977937698,0.09196402132511139,0.08284793794155121,0.06457686104799219,0.01851311738080569,0.02134697783727199,0.00496837067410388,0.06387681784844267,0.01998959907899757,0.013420590234451503,0.0032672448602723806,0.0640028797320664,0.018349037458026494,0.007526439956213055,0.001126090553417946,0.05369140212882919,0.02176876508488532,0.005212252284094694,0.00016126754784639603,0.04538991955153712,0.023810498663681193,0.006726351515024274,0.0013387784692018548,0.47655180739332725,0.3457968279368403,0.2209663804343849,0.18052081252110566,0.45760312531789255,0.36068636623565803,0.23796371242007938,0.19649987822043788,0.4046335972107928,0.36671656835451777,0.2613760040960615,0.22014801750726667,0.3524913021596573,0.3520450389808536,0.28162888523164586,0.24403598540815713,0.3283057784643415,0.3439017118194017,0.30198149373590705,0.26865703945569674,0.008207547478377819,0.013247476890683174,0.013945309445261955,0.015273627825081348,0.006795019842684269,0.011742370203137398,0.012896218337118626,0.014546187594532967,0.0053308280184865,0.010265684686601162,0.011851820163428783,0.013620076701045036,0.0038835061714053154,0.008492512628436089,0.010904022492468357,0.012930306605994701,0.003146410221233964,0.007297669071704149,0.010067406110465527,0.01217493787407875,0.23855645673686157,0.2095629733597595,0.17499627595954625,0.16630731336115387,0.20467062868412308,0.1939388235154342,0.16642353631529916,0.1622144975854075,0.16796289955631713,0.17878089792083887,0.15906417668822911,0.15660485623660908,0.12763888960882827,0.15402475169732383,0.1497456892204176,0.15124379390393777,0.10731126568303927,0.13724982649502673,0.14285408080878179,0.14638278660987245,
A0,6,-0.24484369789412164,-0.19484456435997705,-0.1666637710887536,0.2680462759779991,0.0,0.0,0.0,0.10554114383685577,0.12583314074771557,0.13253662018794257,0.13504790601878952,0.1474400532443903,0.31668052077293396,0.41020405292510986,0.42637088894844055,0.42481717467308044,0.3072885274887085,0.21857114136219025,0.1466156542301178,0.11768537014722824,0.2577061057090759,0.20440107583999634,0.14177194237709045,0.12099743634462357,0.19841060042381287,0.18905846774578094,0.1566239446401596,0.1419849991798401,0.1490553468465805,0.16089370846748352,0.15126481652259827,0.14468520879745483,0.12094646692276001,0.1394456923007965,0.13468006253242493,0.13337716460227966,0.08869198735261853,0.040996747142327594,0.018912197308308905,0.009599078834301321,0.08392870574128874,0.03217495122903953,0.012681016385432379,0.001317728796689248,0.08275339525351968,0.02435630001875156,-0.0032324210724447903,-0.014679342561084587,0.0659074970783172,0.02604169891196462,0.00038103253253916555,-0.00757662723501696,0.05644989512602115,0.030918513495803844,0.013964615773992163,0.006137039119868966,0.5762068955376776,0.4246046024576928,0.30607590588634526,0.2523088731022682,0.5430424622034026,0.44569113240997354,0.33534799194671394,0.29161771170983647,0.4665397000331235,0.4543023836478864,0.4041207733532579,0.37066294892107865,0.4113860278401855,0.4486829625665837,0.44981770189192827,0.44069113101473417,0.38276079659048867,0.4400889131922607,0.45379475614423637,0.4618571576877603,0.00962172169238329,0.015478219836950302,0.01663343980908394,0.01783355325460434,0.00806152168661356,0.014055958949029446,0.015392131172120571,0.016993530094623566,0.00621122308075428,0.012606400065124035,0.015453523956239223,0.01768825203180313,0.004648731555789709,0.010524502955377102,0.01438620314002037,0.01720092073082924,0.0037635823246091604,0.009154526516795158,0.012807399965822697,0.015768660232424736,0.28196338227511386,0.2439351452782535,0.2057428838197238,0.19360309431059006,0.24227272388495028,0.2304040762018152,0.19736933304918017,0.19085534409867616,0.19104427297446733,0.2098402389526213,0.2005013577041685,0.20083037975282542,0.1498038975110119,0.18198070171482109,0.19290351761388658,0.2018403576171767,0.12677757069947643,0.16531163459300993,0.17892263220391466,0.1916103840611336,
A1,1,-0.140025902842059,-0.11327457766539016,-0.09056895188587956,0.2243674289174198,0.0,0.0,0.0,0.06186606749941502,0.08571607240617717,0.09549942884189107,0.09666859757309754,0.1003962980824965,0.2231231927871704,0.28440508246421814,0.29816290736198425,0.2872922420501709,0.13001137971878052,0.11648397147655487,0.09171721339225769,0.06997701525688171,0.1364010125398636,0.11714121699333191,0.09581128507852554,0.07210664451122284,0.11422012746334076,0.09900697320699692,0.08415213972330093,0.059552036225795746,0.08704789727926254,0.08750366419553757,0.07379022985696793,0.0546349361538887,0.07023686915636063,0.07547308504581451,0.06891902536153793,0.05445023626089096,0.047001141561364056,0.013935424739768257,-0.00012981105382842497,0.004562723621525775,0.01871699824107074,0.007477497555441875,-0.0024537393546161627,0.0026389042510455733,0.024377896188893088,0.015727131519564324,0.007118769627463771,0.008703322389420126,0.02354463207047501,0.012551008316497591,0.006656279906898488,0.0029960346394624885,0.022562334771619074,0.014226353198184563,0.006096657880942324,0.0011996490310078418,0.2690129162033205,0.2558751811630733,0.2079159442559268,0.15919214703517018,0.31950745286517873,0.2803955501500791,0.23314898584071583,0.17679891122692806,0.300006426793681,0.2620045535512529,0.22614809867566416,0.16198743226308623,0.27326033288673357,0.2669732166112003,0.2341903825413733,0.171059042477193,0.2568718580440938,0.26394178499601517,0.2519217898891179,0.19735956439098684,0.004107155837118626,0.009043198078870773,0.010914578102529049,0.012287633493542671,0.004194345325231552,0.008663116954267025,0.010926222428679466,0.012190035544335842,0.003573840484023094,0.007578427903354168,0.00999443419277668,0.010911138728260994,0.002815991872921586,0.006845290772616863,0.009123868308961391,0.010293501429259777,0.002341058338060975,0.006020725704729557,0.008513424545526505,0.009902128018438816,0.13129789308443765,0.15485843974722519,0.151026269963874,0.14388262861742795,0.13750689253216053,0.14758870034649585,0.1482350067580888,0.14209902623096896,0.11963421379329507,0.13034786691537376,0.1366101557241984,0.1288857353543657,0.09711125878619865,0.12135123725000485,0.1275893553079286,0.12360282609617185,0.08353534739958182,0.11037260804330602,0.12201429158008013,0.1209455601842573,-0.10908098811967577
A1,2,-0.17994462632448166,-0.1448040796018651,-0.1209236993274431,0.21716586113479977,0.0,0.0,0.0,0.07879507051541836,0.09976691036515008,0.11075443373356393,0.11448712464432766,0.12007626728863531,0.23111169040203094,0.3078330457210541,0.33154481649398804,0.3309648036956787,0.1307881623506546,0.09544184803962708,0.05788873881101608,0.037843793630599976,0.11766085773706436,0.09240712970495224,0.06658448278903961,0.0525754950940609,0.08730118721723557,0.0820862203836441,0.06591866910457611,0.055530987679958344,0.07125107944011688,0.07569505274295807,0.07035819441080093,0.06275144964456558,0.060659293085336685,0.06989037245512009,0.06966809928417206,0.06388526409864426,0.023413820906433517,-0.0036951886889177348,-0.00489788369782416,0.008117244902236292,0.02217118947345033,-0.0005861944618740741,-0.009538634424920579,-0.009548489149805547,0.03339434962545635,0.00738748197329641,-0.00623788356935493,-0.010199268193993622,0.02478452047111684,0.00775433379204612,-0.006079111403043791,-0.009378485252408659,0.021060195958300252,0.0077076099944303885,-0.0028582106723558758,-0.005680826967516823,0.3100210910257589,0.22247596956726737,0.13396169433622437,0.09125452986669572,0.31869037208109047,0.2428967551849305,0.1704020703285534,0.13893397721622275,0.26875399615670853,0.2388827195585911,0.19280694982693994,0.16414803640061168,0.2556117643379994,0.25499122909247884,0.23879865552478782,0.21298974613879101,0.24330667579521567,0.2600705412900242,0.2626391558548468,0.23903438640121982,0.004181711468845606,0.008323200047016144,0.008729541674256325,0.009212165139615536,0.0037755195517092943,0.007928887382149696,0.008987356908619404,0.010263712145388126,0.0029095811769366264,0.007058061193674803,0.008752821944653988,0.010189862921833992,0.0023786979727447033,0.006192339584231377,0.008461740799248219,0.010026990436017513,0.002061595907434821,0.005683382041752338,0.008118350990116596,0.009811228141188622,0.13705209686307102,0.13792285189111622,0.11191232184108157,0.10473662385486665,0.12711267311899246,0.1349546091095738,0.11683555232229134,0.11661305105538675,0.10022776874163873,0.12236780793794295,0.1157016200959582,0.11789501695985777,0.08409569485740766,0.11064437135583335,0.11488034081777647,0.1182778901560969,0.07430228043217703,0.10375765914258256,0.11312122168625795,0.11803653676668464,-0.1334384628875262
A1,3,-0.19791736042887367,-0.15895192589721044,-0.13452252722232813,0.24486316594740618,0.0,0.0,0.0,0.08177379707059665,0.10050997411780498,0.11019865683413578,0.11381954953169748,0.1196988797373142,0.2581399083137512,0.3180308938026428,0.3341362476348877,0.3274088501930237,0.2176593542098999,0.12476144731044769,0.0855143666267395,0.07424365729093552,0.17477844655513763,0.11113455891609192,0.07905518263578415,0.0712694302201271,0.14063164591789246,0.10244891792535782,0.07793952524662018,0.06640665978193283,0.10742759704589844,0.09425288438796997,0.08298850059509277,0.07085628807544708,0.08786069601774216,0.0841013491153717,0.07838346064090729,0.07063974440097809,0.054661594488463146,0.019560939473177007,0.0022298478330184408,-0.004114768268092172,0.061169560592636354,0.02091628779494944,0.002337832879061256,-0.002888699950279261,0.05089106453306215,0.014443283210560355,0.000726008966998269,0.001507061526876422,0.04206754501568942,0.012032399918464875,-0.002922456143513885,-0.003812485909094959,0.03643507110657064,0.0138614869754014,0.0017698983127460719,-0.002423089131878113,0.4362649351341023,0.2649812128465108,0.1804169514550137,0.15955447282365645,0.4047457199743068,0.261527125094364,0.18523819972394223,0.17035832585941,0.3759677341774946,0.2719278816147164,0.20812637547856438,0.17891115128853233,0.34343631951569,0.2946045823834433,0.26020706584764536,0.22351174041357313,0.327232910162949,0.29626457396664435,0.279490883882887,0.25257795391166354,0.006900734733790159,0.010492688044905663,0.011147252283990383,0.012382091954350471,0.005661589093506336,0.009454827755689621,0.010452209040522575,0.01198476180434227,0.004546829499304295,0.00835927203297615,0.009843678213655949,0.01119371596723795,0.0035540075041353703,0.00739628029987216,0.00965095404535532,0.011101868934929371,0.0029238611459732056,0.006560293026268482,0.008993335999548435,0.010647662915289402,0.21849154308908442,0.1748450271649786,0.15037205570921441,0.14629376230706034,0.18438186218652874,0.16064511622498145,0.14208248032431273,0.14208640530699754,0.15188718431760154,0.14678219535429857,0.13713555666569613,0.13452680457406763,0.12326338378875348,0.13395156401693176,0.1375048782301696,0.13631296595629325,0.10477001853593364,0.12325831014232608,0.13110142947212788,0.13345033994078,-0.14503871191153528
A1,4,-0.2135042031588042,-0.17136163946583075,-0.14602379236991206,0.25815480508378164,0.0,0.0,0.0,0.09232747912610963,0.10843467041479649,0.11631323169933593,0.11834843180098954,0.1275997006407773,0.2672649621963501,0.34353816509246826,0.36179497838020325,0.3536384105682373,0.1974572092294693,0.15061111748218536,0.09709779173135757,0.07663219422101974,0.16490168869495392,0.1338590681552887,0.09047110378742218,0.071607306599617,0.13769178092479706,0.12232103198766708,0.09096550196409225,0.07595599442720413,0.10350118577480316,0.10326343029737473,0.09172917902469635,0.07800499349832535,0.08753663301467896,0.09482013434171677,0.0891309529542923,0.07976541668176651,0.04398152607996132,0.02635230549504556,0.036131640086602794,0.025291535041852414,0.04586424099780277,0.02498923759469054,0.02357651850995815,0.01742974652599146,0.04028657999719534,0.01648842528090328,0.008043498164370081,0.002471863550100265,0.037146945705216754,0.0194400645117421,0.0030978664212940187,-7.557565378580342e-05,0.031002877905514318,0.01661332649217885,0.004331536177919559,-2.3743010985583534e-06,0.3616430203893245,0.3031167258280913,0.19440575107904132,0.15604950002370852,0.34054919074402623,0.29969288005433076,0.20142650640173684,0.1601255231914034,0.3226925440494936,0.3052892136998486,0.22744931682093078,0.18723696704209797,0.28570020041053745,0.2905301128913784,0.258613121868156,0.2190036141340747,0.28018008886504836,0.30427536500940255,0.28850401192775743,0.257727576495672,0.006233796942979097,0.011009694077074528,0.011650831438601017,0.01277354545891285,0.005312568042427301,0.009989093989133835,0.011165635660290718,0.012365061789751053,0.004452826455235481,0.00908845104277134,0.010880705900490284,0.012355613522231579,0.003360929898917675,0.007901572622358799,0.010751566849648952,0.012424927204847336,0.0028782901354134083,0.007226194720715284,0.010196873918175697,0.012160531245172024,0.18465448549389066,0.17608560305925464,0.14880326122942092,0.1433045295998999,0.16172335631975052,0.16064975415226088,0.14227721622210077,0.13821542336584236,0.13792443209034516,0.15015465209699985,0.14205478442847438,0.14086326877002725,0.1082649934298266,0.1341786266794493,0.14116991287417893,0.14174836968403481,0.0962401382705178,0.12817867349850842,0.13855146193030016,0.1424629400321459,-0.15471592415934024
A1,5,-0.228296749652892,-0.18329651006452452,-0.15683563262002614,0.281290159907174,0.0,0.0,0.0,0.09364735159613452,0.10806234773943207,0.11340034491525858,0.11541753726551668,0.12585737790566792,0.2763802707195282,0.34974491596221924,0.357435405254364,0.35034745931625366,0.2454541027545929,0.16574648022651672,0.09662358462810516,0.07450892776250839,0.20993994176387787,0.15503741800785065,0.09808468073606491,0.08238475024700165,0.1663006842136383,0.13779468834400177,0.09829742461442947,0.08464838564395905,0.11973139643669128,0.11718202382326126,0.09669411927461624,0.08553603291511536,0.09670683741569519,0.10133512318134308,0.09214503318071365,0.0840853601694107,0.06433204689286154,0.017689959214418457,0.022264273891117917,0.006165689414587065,0.06167283928540838,0.014706061708798625,0.009148953371396585,-0.001920406433041394,0.056704595147150816,0.017112475668208987,0.002182735183737758,-0.0044150184083867824,0.05114479761273192,0.017920705461641102,-0.00034894663318108335,-0.004637898553982915,0.044170029829784505,0.02207003814560425,0.0035432048966663678,-0.001717985893935181,0.4629311549480878,0.334775896753308,0.19841366990698614,0.15533514867335252,0.4475631603067363,0.35392306974276355,0.2256166520189091,0.1898135286989252,0.4094217568988724,0.35378023905390427,0.2529401458452254,0.21512510833125947,0.3501421400187074,0.3501685365710491,0.28381036035738316,0.24815757231351318,0.32951373670338735,0.34328386833376034,0.30587701366690434,0.2757046527408213,0.007869657129049301,0.012618597596883774,0.01299232803285122,0.014430148527026176,0.00664681289345026,0.011611096560955048,0.012434225529432297,0.014220213517546654,0.005262804217636585,0.009925543330609798,0.011628569103777409,0.013466030359268188,0.0038211371283978224,0.008370360359549522,0.010855050757527351,0.01280572172254324,0.003093237755820155,0.007272203452885151,0.010111790150403976,0.012274962849915028,0.23198057217966034,0.20408622913065122,0.16464075679068185,0.15708846933898085,0.20221761372956829,0.19346787795289438,0.16145332052606703,0.15923157647409977,0.16640668928093935,0.17302416957520494,0.15607096711593382,0.15439527015480917,0.12538856577143248,0.1514763419589719,0.14924003349269366,0.15028980744270004,0.10544823386490088,0.13613546145982505,0.14355967068004516,0.147806481230575,-0.16279203153962207
A1,6,-0.2422019528620989,-0.19460564017169862,-0.1664866147301911,0.2821677194521335,0.0,0.0,0.0,0.10538986267378916,0.1257274411874297,0.13176226517157633,0.13441403069417718,0.14677378385253909,0.3110494315624237,0.4039197564125061,0.4215173125267029,0.41903355717658997,0.28556153178215027,0.20829088985919952,0.14537715911865234,0.11634724587202072,0.22995983064174652,0.18869145214557648,0.1345413625240326,0.11499423533678055,0.18187272548675537,0.17775143682956696,0.14319242537021637,0.12975908815860748,0.13916490972042084,0.15485067665576935,0.14604999125003815,0.14141221344470978,0.11498060077428818,0.13264286518096924,0.1284973919391632,0.1259237676858902,0.07769154432877551,0.04318724304050218,0.02075923594077889,0.014910396443277784,0.08205757583450254,0.037415782306035136,0.020714522375542718,0.009522561159204522,0.07285943034502329,0.02324359884879806,0.004263757882047255,-0.00667840851757952,0.05915529647574301,0.02305999810569615,-0.00044901765029761633,-0.008864698369805326,0.049117181389714416,0.029042966519518463,0.013461970147572395,0.008090819074726112,0.5335153942162839,0.40120870372860135,0.30174732986949726,0.24359581371363287,0.4831108668154419,0.40449868496440744,0.3088380984231518,0.27107578409599276,0.4397971297549192,0.4367594315083287,0.3685543083814253,0.3395192420601675,0.38960590834029885,0.43214880027790825,0.4284834888412091,0.42253391311719307,0.36758220043050616,0.4209572710784143,0.4316630629690991,0.4351089815009177,0.009067516773939133,0.015123722143471241,0.01628957875072956,0.01742091216146946,0.007242326159030199,0.013241915963590145,0.014902012422680855,0.01642817072570324,0.0057306718081235886,0.011973224580287933,0.014583892188966274,0.016640877351164818,0.004395380150526762,0.010287404991686344,0.014106959104537964,0.01685309037566185,0.0036056693643331528,0.008877003565430641,0.01244649849832058,0.015176323242485523,0.2605178231496187,0.23556300041939002,0.20073870298441082,0.18565497704973757,0.2153593993319946,0.21359463433874493,0.18702133996745313,0.18039182846354151,0.17721791612402732,0.19857351847552238,0.18683395309888814,0.18737147306300303,0.14156958553779794,0.17625901859115292,0.18677559936233576,0.19468777768549755,0.12100908236986785,0.15876353910428243,0.17157860635439598,0.1821454739917708,-0.17110894605571378
A2,1,-0.13849518815339357,-0.11303825188959063,-0.08951665892517127,0.019004935467590977,0.0,0.0,0.0,0.06417929252925893,0.08767638404915276,0.09745476328008694,0.09980978091684128,0.10309336612752194,0.22408567368984222,0.2905019521713257,0.3064669370651245,0.2964306175708771,0.13555411994457245,0.11526171863079071,0.10437774658203125,0.08154784142971039,0.11893950402736664,0.11456669121980667,0.1017477959394455,0.07981612533330917,0.10520387440919876,0.10583384335041046,0.09454690665006638,0.07037211954593658,0.08705223351716995,0.09297828376293182,0.08579810708761215,0.06377445161342621,0.06911670416593552,0.07868760824203491,0.07297785580158234,0.05882067233324051,0.017777593250465365,0.00908235744369233,0.00911500123959258,0.011618291174581326,0.02623926695369445,0.008572539054277923,0.009373250136713885,0.010226838464616955,0.02194301716183373,0.009512250891958025,0.006867312926950346,0.009276313150979886,0.018004963332732556,0.010614954029640983,0.005582275396178485,0.005279733348970158,0.02201769931240502,0.015859923841431048,0.011896226200848426,0.006325774778387987,0.2836729131187857,0.2528086897340963,0.2243981939526555,0.17623923964696278,0.27792066544196886,0.27410491436142687,0.2378729305870434,0.1908203570387192,0.28671518186370004,0.2886101438323524,0.2564736728714039,0.19172695636192347,0.2860879821944739,0.29737116398747443,0.2824162239558587,0.2091432502490146,0.27081033595456283,0.2984425292371963,0.286498796519623,0.2288973133546681,0.004179439507424831,0.009092495776712894,0.011790843680500984,0.01297419611364603,0.0036936423275619745,0.00872208084911108,0.011474908329546452,0.012666967697441578,0.003293669084087014,0.008109120652079582,0.010897633619606495,0.011895598843693733,0.002767540980130434,0.007101228926330805,0.00987969059497118,0.010940143838524818,0.0022634887136518955,0.0061957212164998055,0.008776349015533924,0.0101614436134696,0.1470557613392657,0.16064226953775543,0.16617844138606913,0.15528664328624348,0.1334663444779787,0.15992934389296756,0.1645089482116322,0.15457698325147437,0.12168592959539508,0.1500095213062295,0.1574942106904006,0.14663788599969205,0.10452885701398046,0.13337504346073406,0.1452021560567823,0.13658476307581804,0.08656019271976707,0.11976186535309472,0.13172964162684714,0.12902720909491525,-0.10856012137413276
A2,2,-0.1787926703961431,-0.14450456306072862,-0.12037955444409615,0.01392264004205106,0.0,0.0,0.0,0.07867932923783295,0.10022858696808655,0.11050064643448702,0.11401720117927604,0.12074568073396783,0.22549767792224884,0.30503037571907043,0.3305232524871826,0.32927635312080383,0.12820857763290405,0.10002949833869934,0.070142962038517,0.05590328946709633,0.11003410071134567,0.08920906484127045,0.06416330486536026,0.04742398485541344,0.08526453375816345,0.07854239642620087,0.06461914628744125,0.05511188507080078,0.06821158528327942,0.07220333814620972,0.06721074879169464,0.05951670929789543,0.05793051794171333,0.06642501801252365,0.0672798901796341,0.06017361581325531,0.021277840534412742,0.003979213214052402,-0.0002463540946690976,0.0076042381953786925,0.027015376145628687,0.012799316061733537,0.0038124017071710335,0.007743421227548625,0.03356376686785169,0.014337771866317845,0.0003155172242300166,-0.0006557553892614786,0.026663017367288055,0.011534984142384299,-0.0004606786431119931,-0.002864213726023081,0.022506131462261145,0.009902271274702794,-0.0007782165551423571,-0.0021706452536597452,0.31740684934745556,0.23857457376951982,0.1641801396047345,0.1329729997083463,0.3096242423642171,0.24133534666089315,0.1690437443770747,0.12893305211409273,0.27403890817385185,0.24100600297502464,0.19866063226573774,0.16947316764136977,0.2554967206179329,0.24951735442410866,0.23594630931931526,0.20771096684698995,0.2422837202967901,0.25440247493437923,0.26180426029677406,0.2318530868041676,0.0041856649331748486,0.008307001553475857,0.009348850697278976,0.010297550819814205,0.003525888081640005,0.0075975265353918076,0.008952292613685131,0.00984512735158205,0.0027737177442759275,0.006702406797558069,0.008452652022242546,0.009787358343601227,0.0022620928939431906,0.0059734913520514965,0.008151647634804249,0.009639895521104336,0.0019654897041618824,0.005425867158919573,0.007867133244872093,0.009413417428731918,0.14160450044441347,0.13924495372550624,0.1201518671441541,0.11761528030312912,0.12188926455317682,0.13157657025425842,0.11751149836022792,0.11325776737518914,0.09748545278075836,0.11791707583028703,0.11292634691714722,0.11425858888524071,0.08125982165091904,0.10759850845512335,0.11189643267565966,0.11418917744207023,0.07195623879513956,0.10040085469216481,0.1113566240583655,0.11428932842552594,-0.13320831148232815
A2,3,-0.19656426388745596,-0.158396716009722,-0.1340219214050198,0.012983269075602114,0.0,0.0,0.0,0.08059746168464316,0.09907600727457143,0.10823777865693948,0.11228009051984762,0.11859997228815863,0.25439953804016113,0.3172178566455841,0.33395811915397644,0.3289143443107605,0.21100714802742004,0.12393961101770401,0.08224236220121384,0.07557641714811325,0.17369022965431213,0.11191192269325256,0.08166500926017761,0.07519645988941193,0.13313105702400208,0.0988752692937851,0.0774819403886795,0.06872617453336716,0.10187070071697235,0.09036626666784286,0.07956002652645111,0.06848689913749695,0.08327113091945648,0.08187050372362137,0.07721983641386032,0.07037646323442459,0.07005061163053893,0.02070844274158928,0.00028594087272391217,-0.003215250731607885,0.06236077951028913,0.01935523407277077,-0.0019680587918781104,-0.004483753688297385,0.05591665678615358,0.017211157990906945,0.0019911884030065076,0.0023520553750377505,0.04310010801643358,0.010830030109745783,-0.003210944427734079,-0.0027928745536912104,0.037242821676915346,0.012899438097354669,5.956981765325327e-05,-0.0031976384093571025,0.4225451390483428,0.2729682618736776,0.17887746563981577,0.16884924761269074,0.40767531402462975,0.27478354621620427,0.19937337550549583,0.18405279875377475,0.36463117264629796,0.27419773685718657,0.21778959501770193,0.19236019038998123,0.3395481441605673,0.29325786069184906,0.2623869495628467,0.22508729883019357,0.3195334129049207,0.3001978341862567,0.28904787205971944,0.2620184604616562,0.006783285178244114,0.010234029032289982,0.010661267675459385,0.012055111117661,0.005602905992418528,0.009176124818623066,0.010285033844411373,0.011990180239081383,0.004327324219048023,0.007912806235253811,0.009299298748373985,0.010806653648614883,0.003362554358318448,0.00695857685059309,0.009014856070280075,0.01051198411732912,0.002792078536003828,0.00624344265088439,0.008635214529931545,0.010380113497376442,0.2147296191722324,0.17211908713556237,0.14498467921567024,0.14254927420577024,0.18328983193383297,0.15864050924400058,0.14168171160479884,0.1422135672655491,0.14483969672226474,0.13959237759402296,0.1308580893006358,0.13124830593971715,0.11737983681589026,0.12775317377666137,0.12974182871080156,0.12987482352226312,0.1007733490220103,0.11861886630431857,0.1274623297443039,0.13099981798023713,-0.14449808686850188
A2,4,-0.21192159331606134,-0.17059389905158232,-0.14528394155744193,0.012099057678099505,0.0,0.0,0.0,0.09112654730233723,0.10696503019378764,0.11453977243834886,0.11690746007917939,0.12557374852778,0.25877174735069275,0.33770784735679626,0.35833844542503357,0.3508463203907013,0.19308948516845703,0.13392354547977448,0.08640144765377045,0.06510017812252045,0.1685951203107834,0.12817952036857605,0.09164148569107056,0.07753314077854156,0.13239063322544098,0.11644671857357025,0.09343009442090988,0.07812055200338364,0.10204005241394043,0.10216075927019119,0.0895879864692688,0.07970385253429413,0.08302691578865051,0.09130270779132843,0.08680960536003113,0.07746300846338272,0.03761161589504308,0.02591656985685104,0.03693249283307775,0.03682559698558664,0.03790846588765339,0.016257556276892467,0.014238850829030487,0.009174087763898596,0.037288977006300905,0.012785155262150601,0.0037534042316394716,0.0020092327478590053,0.034239765837936184,0.015020677358653683,0.0032598311223418957,-0.001959582615196079,0.0321491625695517,0.01559190788561682,0.004588827462519981,0.0017002763007929907,0.3577701528163902,0.2696583336660452,0.17475159747936028,0.13020384872200128,0.3446918189711848,0.28069879830127165,0.200715820980639,0.16887915887447164,0.30945187359178034,0.2876686173776159,0.23268000564159713,0.19263004986755183,0.2831399466340337,0.28814097650313714,0.2536138391949171,0.22319116759330423,0.2666930065172265,0.29427952340731584,0.283214805125001,0.2513616221317004,0.006067607086151838,0.010198298841714859,0.011007310822606087,0.011905310675501823,0.005350789520889521,0.009884429164230824,0.011460427194833755,0.01283568236976862,0.0043043093755841255,0.009008349850773811,0.0111947450786829,0.012758338823914528,0.0033006942830979824,0.007810447830706835,0.010517971590161324,0.012416977435350418,0.00273129646666348,0.007004615850746632,0.009949712082743645,0.011955570429563522,0.1798788010562959,0.16234492876347562,0.14120439514306507,0.13420157232238297,0.16264020185106684,0.15777473896376512,0.14582703192785726,0.14391660264590014,0.13384692559379865,0.1480323535610782,0.145173893737625,0.1444382806527931,0.10612203109761577,0.13168187519973917,0.137688609027112,0.1412158469164042,0.0912258990533079,0.12361738115486454,0.1349987025384454,0.13943818014525214,-0.15406856531556246
A2,5,-0.2265536724741611,-0.18238450247222998,-0.15602610518498986,0.011974163942549666,0.0,0.0,0.0,0.09366194729861614,0.10653600891560527,0.11146152481719397,0.11364373209371903,0.1237392106853242,0.27372390031814575,0.344137966632843,0.35214963555336,0.3457880914211273,0.2567344307899475,0.1578940749168396,0.09508068114519119,0.06750404089689255,0.21795018017292023,0.14779388904571533,0.08968860656023026,0.07227613031864166,0.16005325317382812,0.1300136297941208,0.09259124100208282,0.07944954186677933,0.11708548665046692,0.11389864236116409,0.09531322866678238,0.08321181684732437,0.09682776778936386,0.10069507360458374,0.09067385643720627,0.08278439193964005,0.06763911904886429,0.021776822678475777,0.014624659989628962,0.0076731722358877475,0.06688970674782485,0.01689192477109883,0.012237531833653557,0.0022162944129944695,0.06732639648889417,0.015874210829638254,0.0016155812032779507,-0.005500178379089325,0.05518887681677369,0.018035628462128004,-0.0004400237786600202,-0.004036483699554471,0.043898913519494494,0.01949269701218925,0.00293866910302412,-0.0021696948299602383,0.46465560432426023,0.3196510251200429,0.19413942066198267,0.138044211138191,0.45320213069359233,0.3384125554420519,0.20606653313982218,0.16402134556782824,0.3921860218308363,0.33069575706712445,0.2352089097729304,0.20093430930364004,0.3400087085476667,0.3356844112042278,0.27836388855683364,0.23883157441596226,0.3275041182058009,0.3400597146514665,0.3006077523246841,0.2710982714475386,0.008028828538954258,0.012258757837116718,0.012994061224162579,0.014120327308773994,0.006828317418694496,0.011141865514218807,0.01185607723891735,0.013553598895668983,0.00505711417645216,0.009637008421123028,0.0112964678555727,0.013142439536750317,0.0037471293471753597,0.008222894743084908,0.010737699456512928,0.012646305374801159,0.003100171685218811,0.007246400695294142,0.01000429317355156,0.012144304811954498,0.23168642660448893,0.20124043946461923,0.16650898503464448,0.15389264957073248,0.20584600645392434,0.18661548831476893,0.15512787099710237,0.15079376551764184,0.15776089786066602,0.16493076287206873,0.14920546645002136,0.14869463263257754,0.1214629396920938,0.14693710558858644,0.14574643430287987,0.14692108546192506,0.10497111415182789,0.13452254771145256,0.14066766953610668,0.14511902423243472,-0.1619849913035956
A2,6,-0.24024296478606796,-0.19347509440340568,-0.16552182825975084,0.011315868010604978,0.0,0.0,0.0,0.10487578076172656,0.12425149045893583,0.1303426616155071,0.1336601797529685,0.1452334815966396,0.301573783159256,0.39644625782966614,0.4145941436290741,0.4143140912055969,0.2627650797367096,0.20242848992347717,0.1386534422636032,0.11357088387012482,0.22088755667209625,0.17885175347328186,0.13592694699764252,0.11656422913074493,0.16966600716114044,0.16102172434329987,0.1361372023820877,0.12204155325889587,0.13470886647701263,0.1482618898153305,0.14033585786819458,0.1344512403011322,0.11108578741550446,0.12893998622894287,0.12526515126228333,0.12306587398052216,0.09083353814816598,0.03702117510861181,0.01791273209169308,0.006522672840539416,0.08393067159631992,0.03269095933579386,0.009519427714284247,-0.0020450263426344943,0.07312650261270402,0.027420723138967415,0.004091229205660256,-0.0071850600716684065,0.05437293560055629,0.018582694777037816,-0.002043507148203794,-0.010609727770821047,0.04639237348483741,0.02436420942200865,0.011424020883459216,0.004908743848358937,0.4859128166276176,0.3945684590937726,0.29063783942531457,0.24073148155912114,0.45386294845488145,0.3829055983991969,0.3107877644721518,0.27233679098310937,0.40240373854385014,0.3863770627434287,0.3464484231001031,0.3166312368902176,0.3701529861362022,0.4063199264058639,0.4111184392248177,0.39890513411606493,0.3495240668110122,0.4026095725595681,0.4212610743566644,0.42636424279765106,0.00841684639453888,0.014638909138739109,0.01585926115512848,0.017483901232481003,0.006840642541646957,0.012627788819372654,0.014808307401835918,0.016606153920292854,0.005357198882848024,0.011082896031439304,0.014049597084522247,0.016160132363438606,0.004199671559035778,0.009885570965707302,0.013610661029815674,0.016358722001314163,0.003475500037893653,0.008656356483697891,0.012202994897961617,0.014965413138270378,0.23948655573344624,0.2278112607138572,0.1923239568198142,0.1839048208890631,0.19921944964899818,0.2020407437151958,0.1839444276714,0.1785860708180766,0.16220029623844712,0.18116229989559396,0.17790660714616213,0.1791908138734287,0.13294559110931042,0.1674162375331932,0.17852079899299408,0.18802043252881512,0.11482941169226825,0.15277872319596608,0.16698512993820147,0.17892285967429253,-0.17024627279328264
A3,1,-0.13852557222286332,-0.11270335623387086,-0.08931260346083515,0.01943131955790419,0.0,0.0,0.0,0.06394376646307345,0.08749951571803466,0.09745159416409714,0.0997723147108799,0.102971611108001,0.2250315099954605,0.29161518812179565,0.3062213361263275,0.29644280672073364,0.1499527394771576,0.12161125242710114,0.10878720879554749,0.08163449168205261,0.12928439676761627,0.11838038265705109,0.10292382538318634,0.08270647376775742,0.10878448933362961,0.10370271652936935,0.09254218637943268,0.06926372647285461,0.0873958021402359,0.09101773798465729,0.0818386971950531,0.06114424020051956,0.0694556012749672,0.07880129665136337,0.07239938527345657,0.05852615833282471,0.015876209725272795,0.009551574583609314,0.00705774678132127,0.010626546606029293,0.02320263275273768,0.007433711491748339,0.0072156623671330395,0.0048724168111617915,0.023364687245332853,0.01282533491356786,0.009131923904330642,0.009613385965559832,0.02101067560069382,0.013635834176197667,0.009952199425617233,0.007493132304226947,0.02343916464482966,0.015519883519187849,0.011617311917028328,0.0054436502530074956,0.3114669761556693,0.2716517617053954,0.2398891438625372,0.1828381783284193,0.3005661435526181,0.28360806313464304,0.24521262903008714,0.20144367628357365,0.29357313392776835,0.282049043009713,0.25087035024113963,0.19036565058300375,0.28740361097972,0.2904289128259906,0.2689549298624165,0.2006483107105432,0.2714532777849985,0.29797152572462393,0.2842770773416997,0.228014463058937,0.004536726512014866,0.009307943284511566,0.011928177438676357,0.013061833567917347,0.003967460710555315,0.008815916255116463,0.011496301740407944,0.012965148314833641,0.003464239649474621,0.008046730421483517,0.01083322148770094,0.011843979358673096,0.0027885816525667906,0.007020260207355022,0.0096451286226511,0.010724353604018688,0.0022865121718496084,0.006223251111805439,0.008731822483241558,0.010151298716664314,0.15667529096881738,0.16615717599260926,0.17006238839449145,0.15667415982900995,0.14074889314506683,0.16089088999505774,0.16564657365711055,0.15799379878890724,0.12535842613220055,0.14817674128966823,0.15555090558094922,0.1454697096453579,0.10389424373656614,0.13077402531621268,0.14075403637833397,0.13318303456666905,0.08648117029369515,0.11933839583816817,0.13037703023687447,0.12816594130323963,
A3,2,-0.1796518577395484,-0.14430596115256566,-0.12017010336017443,0.014102722530799878,0.0,0.0,0.0,0.07875248843033601,0.10018544824518043,0.11058793086586431,0.11409430725627344,0.12086431055259363,0.22422398626804352,0.3048860728740692,0.33053332567214966,0.3286764919757843,0.136355459690094,0.10120264440774918,0.06615393608808517,0.051640503108501434,0.11590688675642014,0.09684713184833527,0.07111222296953201,0.054087452590465546,0.08748164772987366,0.08206465095281601,0.06967418640851974,0.060215819627046585,0.0700460895895958,0.07360893487930298,0.06860410422086716,0.059978336095809937,0.05718964710831642,0.06627554446458817,0.06642747670412064,0.05891447514295578,0.02952147293977196,0.007207216126458572,0.006901005454659711,0.012633894437633115,0.0329314687641536,0.00959103699589296,-0.0014631023379000922,0.0007481137545302988,0.03752931509651557,0.013368147143208848,-0.003207480599785772,-0.004626498821829864,0.028306715784154193,0.01213236895583102,-0.0006143794093505459,-0.002618938078158803,0.025254978019486517,0.011463850808419902,0.0014942997664296465,-0.00012481000271246685,0.3326296537067896,0.24412105741327011,0.15526209248510833,0.12340480250529977,0.3236305414573825,0.2589517473515683,0.18579375398611653,0.14598924129035784,0.27996470488202696,0.24927310435780273,0.2117549676940357,0.18347899770205828,0.25930336700351947,0.25407903552007455,0.2399488288941434,0.20837710627970082,0.23873148093046614,0.2539883326604389,0.2584126079192975,0.22666823455264667,0.0044002714566886425,0.008547607809305191,0.00933732371777296,0.010215050540864468,0.003715976607054472,0.008069943636655807,0.009450904093682766,0.010506468825042248,0.0028293898794800043,0.006924689281731844,0.008743840269744396,0.010246433317661285,0.0022959064226597548,0.006054979749023914,0.0082585159689188,0.009692611172795296,0.0019443900091573596,0.005400770343840122,0.00780511274933815,0.009333002381026745,0.14740091461678106,0.14308608440574913,0.12001285987689728,0.1162898909476427,0.1274646410146157,0.1379853607800762,0.12362208921644169,0.11995145052624127,0.09945264033586465,0.12132422643460229,0.11643205005840397,0.11888877975661329,0.08222927247851505,0.10880544102396571,0.11312725314472252,0.11455669511083107,0.07112529488804972,0.09966994422249788,0.11013620267545228,0.11280616266067325,
A3,3,-0.19785305748272974,-0.15832538710983587,-0.13394600220512742,0.01312263698540943,0.0,0.0,0.0,0.08139158378798825,0.09985469755247543,0.10907368554422726,0.11300237000562985,0.11934854220616588,0.2544408142566681,0.31772857904434204,0.3346351683139801,0.3295225501060486,0.21853603422641754,0.13071566820144653,0.08458632975816727,0.07994260638952255,0.17731879651546478,0.11507765203714371,0.08327117562294006,0.07572315633296967,0.13049137592315674,0.10078562796115875,0.0806339830160141,0.06997448205947876,0.10464350134134293,0.09380397945642471,0.08228777348995209,0.07018201798200607,0.08325624465942383,0.08199795335531235,0.07720769941806793,0.07040661573410034,0.06519478281516332,0.019020275259832187,0.0017693565885219971,-0.006641520946855451,0.06003161605562393,0.018352650146425654,0.0006618705081032005,-0.0027995579525837994,0.05947586173930873,0.017550835463755486,0.0018404103912620959,0.00340661421276786,0.0404281907793446,0.008157068585875792,-0.0050783863172957555,-0.003908248113665114,0.03743342140710157,0.014084359390663641,0.0012983632075738581,-0.002071690757032649,0.4289172640055424,0.2829525435097425,0.18222584400360956,0.17559173327455424,0.40966351607954116,0.2802230313178159,0.20126431157851007,0.18324091845111226,0.3562371020077291,0.2791601246094534,0.2268251029664363,0.19436659284649205,0.34505315475136783,0.3012500929340879,0.26827457701599,0.2282130686751554,0.3165662148303736,0.29882605807849716,0.2869614568099662,0.2602739943673854,0.006982765626162291,0.010530627332627773,0.010823221877217293,0.012502849102020264,0.005676523316651583,0.009305120445787907,0.01039809174835682,0.012073183432221413,0.004246265161782503,0.007949883118271828,0.009433981962502003,0.010906368494033813,0.0034390666987746954,0.007108241785317659,0.009205969981849194,0.010651498101651669,0.0027960126753896475,0.0062638502568006516,0.008627217262983322,0.01039242371916771,0.22010101842075724,0.17537711164966788,0.14672049422546912,0.14705890649854864,0.18459297390881135,0.15984370154451477,0.14272448320424644,0.14275458442448988,0.14229769916377163,0.14059384553734636,0.13246625269625323,0.13210531970830827,0.11962204558542831,0.13031531090161286,0.1321328166159471,0.13122066787505202,0.10061413709968803,0.11891997911547882,0.12714028715632808,0.13093828613312328,
A3,4,-0.2135679494962996,-0.17060057165389117,-0.1452554610202422,0.012185239950127469,0.0,0.0,0.0,0.09146162516345145,0.10722051616311593,0.1149947151129808,0.11737010601443872,0.1256140499355871,0.25867581367492676,0.33725255727767944,0.3567758798599243,0.34929338097572327,0.19705921411514282,0.1349489986896515,0.09141427278518677,0.07344244420528412,0.16695630550384521,0.12558148801326752,0.08871760219335556,0.0735049694776535,0.1322094351053238,0.11548192799091339,0.09146218746900558,0.07798313349485397,0.100742869079113,0.10260571539402008,0.09013067185878754,0.07903033494949341,0.08289331942796707,0.09183765947818756,0.08670249581336975,0.07716085016727448,0.03730659040738329,0.026285412993090618,0.03227680819112236,0.02575979316448693,0.04038203299158879,0.018466919648705584,0.01725552497936885,0.013233470926617948,0.040193250548111896,0.014794791508161967,0.005891739704387473,0.00240102957677362,0.03607638044172084,0.015429406178716378,0.004047638295962023,0.0003247612777103452,0.032626126283228356,0.01609052968412629,0.005527391897213658,0.00280768470945037,0.36670401699360444,0.2737981856913911,0.18393951347877288,0.14598050547110142,0.3406014417552989,0.2751035694609869,0.19604945234078575,0.16011027635524172,0.307534071796334,0.28263781969062707,0.2270912209382553,0.19164494922436204,0.2795082771171656,0.29019607974178374,0.25669064976568223,0.22253473121161774,0.2660803359291082,0.2953758814815384,0.2827795689032653,0.2505558337456317,0.006244481075555086,0.010375851765275002,0.01133569236844778,0.012572858482599258,0.005336971953511238,0.009840549901127815,0.011341948062181473,0.01269219908863306,0.0043119569309055805,0.008922425098717213,0.011077014729380608,0.012792794965207577,0.003255181945860386,0.007796500343829393,0.010547012090682983,0.012388570234179497,0.0027337626088410616,0.007050919812172651,0.009994595311582088,0.011983143165707588,0.186058306902122,0.16514142277738025,0.14542048259718401,0.1415254864220982,0.16220072524973855,0.15771433479081184,0.14422529447053092,0.14133581563110018,0.13342016214443106,0.14629524267806687,0.14346728589115565,0.14415183229383688,0.10462663796076539,0.13163669902075256,0.13795125780678114,0.14047154946422116,0.09113342382113707,0.12415112573927897,0.13522815535810545,0.13922967457696883,
A3,5,-0.22857601704426866,-0.18237037135396097,-0.15602331179765544,0.01202700252291535,0.0,0.0,0.0,0.09352400470684027,0.10620812160043361,0.1111962371144564,0.11327537022866381,0.12316091983348619,0.2753492295742035,0.3456709682941437,0.3505623936653137,0.3430156409740448,0.2690097391605377,0.16076062619686127,0.09430104494094849,0.06601589918136597,0.220322385430336,0.1534227877855301,0.09105600416660309,0.07177295535802841,0.16294361650943756,0.13232189416885376,0.09440842270851135,0.08106547594070435,0.11902815103530884,0.1171102523803711,0.09683564305305481,0.08464013040065765,0.09804846346378326,0.10266780853271484,0.09135841578245163,0.08180508017539978,0.06774366078171837,0.021573100216083014,0.015454892613610445,0.007599920300887353,0.07073674462851862,0.012838316915422771,0.009395262044573947,0.0009698523261376044,0.07035066226330577,0.016740680583613207,0.001427125687425677,-0.005215623096735235,0.05699841760735996,0.01769368201674977,-0.00029321622391934894,-0.00418051566863723,0.045183033459553226,0.0194001071050119,0.00316700775642061,-0.00047925716354778374,0.4875990776817111,0.31937639924456884,0.1903124920492374,0.13469650647793113,0.4632378006112233,0.351463178519981,0.2089483900000976,0.16220149050416233,0.3950274919726884,0.33256029339801635,0.23758526482183762,0.20396234603594143,0.34334218242887543,0.3423684159684523,0.28143190753051395,0.24253618436476412,0.32842016482887154,0.3435426962094438,0.3014430386983768,0.2673200740165785,0.008371151052415371,0.012599209323525429,0.013032454997301102,0.014110282994806767,0.006955515127629042,0.011481177993118763,0.012062682770192623,0.01367309782654047,0.0051984949968755245,0.00990122277289629,0.01150568202137947,0.013402896001935005,0.003831424517557025,0.008429218083620071,0.010913005098700523,0.012865770608186722,0.003143436973914504,0.007354002445936203,0.010103495791554451,0.012150933966040611,0.24176292176019523,0.20407708494955615,0.16550200167833853,0.1530410683718901,0.20994706865013776,0.19037151552331022,0.1573865159064908,0.15142237595436178,0.16143253315182035,0.16907897583292092,0.1513579885128001,0.15095792262428293,0.12388013455570718,0.15011019004741916,0.14725886826455226,0.14864474122011517,0.10587377166605619,0.13609714981894425,0.14138985632628592,0.1445150242137007,
A3,6,-0.2427713125269266,-0.19364282432583652,-0.1656647289333784,0.0114186537428984,0.0,0.0,0.0,0.10516609898323848,0.1246368615641959,0.13086585280859672,0.13377319156443462,0.14566370819136704,0.3040069043636322,0.39837467670440674,0.4167756736278534,0.416625440120697,0.26762935519218445,0.2051009088754654,0.145577073097229,0.11933404952287674,0.22804032266139984,0.19364522397518158,0.14694058895111084,0.12604211270809174,0.17645898461341858,0.16717514395713806,0.14140740036964417,0.1263865977525711,0.1393345445394516,0.15327709913253784,0.14430193603038788,0.1378563493490219,0.11290580034255981,0.13115765154361725,0.12838873267173767,0.12637664377689362,0.09614550459819772,0.03997328811173571,0.01722319945531343,0.007213105614943891,0.08362574824228354,0.027896866221901715,0.0077334350699330276,-0.0018958136752945287,0.07563539197050019,0.02665198147065155,0.005118205797030925,-0.004481899181985752,0.05661215158390463,0.020570693246315393,-0.00029515587277169304,-0.008846369654025795,0.05014294564821769,0.027855570718376625,0.012609926416783084,0.005548891288920859,0.4893256926268578,0.39193237944595066,0.3002346928362923,0.24899373384632045,0.46908074794712296,0.4115059812668823,0.3376977133314232,0.29584091803308604,0.41888197163462576,0.39777228277172677,0.360009388868795,0.3284114967955606,0.38309457822105136,0.420580567419772,0.42410662809289973,0.41349190408650016,0.3551848783898669,0.40960513835802687,0.4332800619984263,0.4401748382347668,0.0084562161937356,0.014856093563139439,0.016466369852423668,0.018054479733109474,0.007088650017976761,0.013363153673708439,0.0156144630163908,0.017583947628736496,0.005571119952946901,0.01137025747448206,0.014406935311853886,0.016541074961423874,0.0043393271043896675,0.010128738358616829,0.013872086070477962,0.016688678413629532,0.003524085972458124,0.008746505714952946,0.012402246706187725,0.015283116139471531,0.24002837883285502,0.23006401259186,0.1998168612605306,0.18966655846538102,0.207453405254594,0.21428110766712027,0.1942228506767245,0.1894794905149986,0.1692635154183024,0.18627601763970136,0.18331517226075117,0.183723016983606,0.1380708240665736,0.172695090315763,0.18331408697209156,0.19309068760830697,0.11689349676178809,0.1552105926190584,0.1706961138783795,0.18360530625438543,
A4,1,-0.14006908466012535,-0.1129682920648208,-0.09033597204558651,0.22100109172589033,0.0,0.0,0.0,0.06134540626390955,0.08517192968136485,0.09500211949608114,0.09610373145872379,0.09967822463892131,0.22271941602230072,0.2822997272014618,0.2956301271915436,0.284516841173172,0.13774897158145905,0.11234664916992188,0.09123112261295319,0.07137428224086761,0.13467957079410553,0.11347317695617676,0.09184490144252777,0.0678219124674797,0.11372048407793045,0.0988800972700119,0.08195185661315918,0.05833990499377251,0.08605670183897018,0.08678194880485535,0.07097163051366806,0.05181985720992088,0.0705132931470871,0.07479583472013474,0.06793751567602158,0.05341583117842674,0.03694898377330189,0.017860085329237697,0.0030438772518539517,0.006657602068038789,0.02164224598073928,0.009572347811221972,0.0003779891257104603,0.004281717604899889,0.026047875836959035,0.014728831842981637,0.007168443907705627,0.007373877159678772,0.024675216540515,0.012160444240817102,0.008131235132908482,0.0044145536397528,0.022827437815196642,0.013781577613343312,0.00556048498988615,0.0002580398660742594,0.28544694893488226,0.24881734868524802,0.20783483332684302,0.16267310781781233,0.3140872033843243,0.2713075597041306,0.2244924006766898,0.16751231365139843,0.29700164992833034,0.261689467197569,0.2205805649065438,0.15812300908398783,0.2682152922809393,0.26463494890763994,0.2247098234083335,0.16207235063062167,0.25465484274678707,0.25999965068179814,0.24699739808711405,0.19217076572374905,0.004295801743865013,0.008842827752232552,0.010840386152267456,0.012296716682612896,0.0041481805965304375,0.008444080129265785,0.010580483824014664,0.011858596466481686,0.0035790533293038607,0.007593940012156963,0.009941574186086655,0.01095658726990223,0.0027807189617305994,0.006798793561756611,0.008978191763162613,0.010162752121686935,0.002344362670555711,0.005994490347802639,0.008449911139905453,0.009875030256807804,0.1366327615117709,0.15216673561362357,0.14913714073483003,0.14332048481344004,0.1352849035928084,0.14514737108573175,0.14478970763462132,0.13863735158135435,0.11880895234266746,0.1303089723208616,0.13529577989935312,0.1286332316512695,0.09509973617835937,0.12063141272814874,0.1252406221370404,0.12118827402076954,0.08312920306250451,0.10950543950340265,0.12064407630317638,0.11988347464383296,
A4,2,-0.18073665570458713,-0.14453031615790538,-0.120687792721038,0.21387168478922566,0.0,0.0,0.0,0.07874514877056034,0.09966035982078288,0.11069926876462667,0.1143401835283404,0.12007547223132571,0.2298099249601364,0.30780231952667236,0.33145278692245483,0.329429030418396,0.1470002979040146,0.102577343583107,0.06627790629863739,0.04963509738445282,0.12518030405044556,0.09673115611076355,0.06814391165971756,0.05391915142536163,0.09127592295408249,0.08428788185119629,0.06772692501544952,0.055312708020210266,0.07187166810035706,0.07580327987670898,0.07060270756483078,0.062065429985523224,0.060764141380786896,0.07040925323963165,0.0701218992471695,0.06366673111915588,0.02281216222111592,-0.0036300375030209695,-0.004577644508656143,0.0003477302421711032,0.023807960474568818,-0.0016467215252649631,-0.008427794905925719,-0.006236439221159782,0.03605642242946182,0.008587332850777774,-0.004922284753062917,-0.006793658673590176,0.027163039653741797,0.009117595886879859,-0.004748264013864218,-0.007177423645040998,0.02299980783849452,0.009042101209638116,-0.0016470164724236198,-0.004185855622253217,0.34324243124095616,0.23890687504976205,0.15073691808961043,0.11798928833054732,0.33456586626734525,0.2529628249805499,0.17311931042909762,0.142267577753724,0.2786858929872594,0.244335736765408,0.19637942232081942,0.16269293555723185,0.2562089767028298,0.25437514314815063,0.238747117579608,0.21150867224623512,0.24408465813229555,0.26256889865615607,0.26369496397236764,0.23765327022987587,0.0046290741302073,0.008783058263361454,0.009410250000655651,0.010133588686585426,0.003955797292292118,0.008158368989825249,0.009134848602116108,0.010448656976222992,0.0029856727924197912,0.007110600359737873,0.008796466514468193,0.010079157538712025,0.002386867068707943,0.006199717056006193,0.008501552976667881,0.010022858157753944,0.0020478907972574234,0.005703796166926622,0.008161084726452827,0.009802063927054405,0.15203076410192562,0.14475518876129717,0.1195753723108133,0.11458570610100181,0.1329735060670306,0.1391845718801018,0.11906979943639975,0.11895611321572994,0.10281098043397026,0.12315700200105563,0.11600022400993372,0.1161741085210563,0.08422774632470668,0.11063291698509922,0.1152006601747963,0.11813818060401426,0.0737500399610057,0.1041093032206935,0.11366055932509674,0.11762060697326389,
A4,3,-0.19944903758300495,-0.1588004497009226,-0.1343918062677913,0.2434743945149408,0.0,-0.06620887249588948,0.0,0.0822119085375053,0.1009834253536089,0.11077474041539107,0.11435006847468163,0.12023810468456916,0.25923651456832886,0.31889116764068604,0.33509400486946106,0.32796764373779297,0.2265527993440628,0.12825477123260498,0.0837644413113594,0.07217040657997131,0.17474085092544556,0.11334461718797684,0.08119498193264008,0.07150644809007645,0.1405668556690216,0.10316260159015656,0.07855071872472763,0.06648752093315125,0.1077643483877182,0.09621232748031616,0.08518281579017639,0.07198096066713333,0.08887477219104767,0.0852113887667656,0.0792766585946083,0.07161158323287964,0.05041780889525573,0.019384256264350648,0.006611733275718694,-0.001306315088499102,0.06513674855064402,0.024901833989119646,0.005505393155356364,-0.0005402771904504886,0.053147339822712296,0.01670114613938094,0.003696034433904359,0.003316704374187667,0.04306042356269864,0.011837294652940039,-0.0038510544213320903,-0.0038569289081435247,0.03608942958811729,0.01436238171968618,0.0023610326265955653,-0.0018587217427242211,0.45641054016617544,0.2730541055729333,0.17754773828124876,0.15574636933889682,0.40245667708457034,0.2674019782731389,0.1896633022306463,0.1710861978338487,0.37403663094642586,0.27226759969705805,0.2095699196868717,0.17830653493950158,0.343010224352271,0.3006830298346016,0.26692317412020905,0.22665207550681926,0.32901218471457633,0.29929324657540096,0.2813440988874465,0.2545105191387698,0.007187779061496258,0.010608651675283909,0.0109825124964118,0.012471801601350307,0.0056751081719994545,0.009435884654521942,0.01041884534060955,0.011964562349021435,0.004547908902168274,0.008409716188907623,0.009920962154865265,0.011242405511438847,0.0035567276645451784,0.007495802827179432,0.00978290755301714,0.011257380247116089,0.002961159683763981,0.006618389394134283,0.009068887680768967,0.010732206515967846,0.22802050487403047,0.17662896107649828,0.14882437185844058,0.14765494816369207,0.18498449379037335,0.16077735205644664,0.14175625881733972,0.1423325306473998,0.15160706937200383,0.1473261407874333,0.13782016323985172,0.13534092802499137,0.12309667413685024,0.1360041523100008,0.139577145957049,0.1384185918589171,0.1057403099401171,0.12432210344970235,0.1323319048009121,0.1344846481349418,
A4,4,-0.21550227282793769,-0.1713427656222189,-0.14597518262925788,0.25767240394356744,0.0,-0.07339013732546841,0.0,0.09249700476639532,0.10869022027274813,0.11674418073287628,0.11886795958532005,0.1278312684708607,0.2679275572299957,0.34389135241508484,0.36272186040878296,0.35509082674980164,0.20287303626537323,0.1556047946214676,0.09613528847694397,0.07766490429639816,0.17155584692955017,0.137229785323143,0.09403453767299652,0.07654481381177902,0.139706552028656,0.12226248532533646,0.09010252356529236,0.07254791259765625,0.10482057929039001,0.10673990845680237,0.09282103925943375,0.0778881087899208,0.08837280422449112,0.09528861939907074,0.09025389701128006,0.08114781230688095,0.04454766109088628,0.02497027421030402,0.03964027034564168,0.02690209770141339,0.04368308440696213,0.024467287956037684,0.02189074130670104,0.013373826348090706,0.04133424971838056,0.018592020752127122,0.009654236528562628,0.0062140866530154635,0.03795526637599932,0.01768942724963732,0.0027372532811745097,0.0004860682940411912,0.031060520979128592,0.01772603957471953,0.0034953086984837512,-0.0013055777200826739,0.3677086593074868,0.30818556252810964,0.19149796379922582,0.1578191110508113,0.35586036861985076,0.30866305477539596,0.2100589419469638,0.17228845163860432,0.3268043690335459,0.3060416138521126,0.22495396892674221,0.17916568966728927,0.28909536745112924,0.2993840671960746,0.2620524813864473,0.2191719791375122,0.2818884092440553,0.3048173430956265,0.29236676809782197,0.2628381708397294,0.006346240174025297,0.011307907290756702,0.011670217849314213,0.012716752476990223,0.00549164367839694,0.010191064327955246,0.011378592811524868,0.01268900465220213,0.004515761975198984,0.009055523201823235,0.010886766016483307,0.012246080674231052,0.0033878532703965902,0.008055209182202816,0.010809747502207756,0.012433572672307491,0.0028971952851861715,0.007272225338965654,0.010300375521183014,0.012288725934922695,0.18798795938071075,0.18033695159512117,0.1495580906748337,0.14305777515088275,0.1676567095716744,0.16433582593383617,0.14505454250674069,0.14182731379359978,0.14017922868880242,0.15008772132201278,0.1418956980424215,0.13905070483878262,0.10901393929337559,0.13665995457679744,0.14166203988853607,0.14162141218287735,0.09668795533488474,0.12881233330809383,0.13981446867379796,0.14369216094789752,
A4,5,-0.23073467651634041,-0.18329103823733214,-0.15681904045457767,0.28173068100991455,0.0,-0.07958490463032203,0.0,0.09358994418985443,0.10801931920511511,0.11361253659810354,0.11553694577922491,0.1256814803014296,0.2791212797164917,0.3520154654979706,0.3578599691390991,0.3499809801578522,0.25036168098449707,0.17127355933189392,0.10014276206493378,0.08018829673528671,0.21743805706501007,0.1588965356349945,0.09823974221944809,0.08022123575210571,0.16741247475147247,0.13823162019252777,0.09832996875047684,0.08288844674825668,0.12221010029315948,0.1200268343091011,0.09739670157432556,0.08618567883968353,0.09928392618894577,0.10456627607345581,0.09386513382196426,0.08514295518398285,0.06753260741226198,0.015735592685058294,0.01958148557178131,0.0019272851823564057,0.061542151681220236,0.015409359787047567,0.011709931802642607,0.002964598127900806,0.06033545030465139,0.019173239691884572,0.003472310806165847,-0.001355906930071943,0.05296834064732804,0.01833799799123865,0.000597214448609624,-0.0034626114511142015,0.04367368872214141,0.020958604023341643,0.0032061865888573736,-0.0015288461873388594,0.46906481349020723,0.3419317333263356,0.20243526965694697,0.16510870874701206,0.45770333192394147,0.35725348586511935,0.22397634883041573,0.1860979894707455,0.41628314931854754,0.3570737374773494,0.25514110063751183,0.21310794927369342,0.3551915505650932,0.35564974267354715,0.2851932209547466,0.2502360852548614,0.3377312668630963,0.35409849429305806,0.3122708166187464,0.27962031954035477,0.007968692108988762,0.012936528772115707,0.013384119607508183,0.014892718754708767,0.006820315960794687,0.011859988793730736,0.012520796619355679,0.014148718677461147,0.005299572367221117,0.009963341988623142,0.011629494838416576,0.013407310470938683,0.0038876188918948174,0.008540535345673561,0.010969938710331917,0.012963679619133472,0.00316351349465549,0.007444116286933422,0.010217392817139626,0.012354844249784946,0.23467224045867588,0.208190387235097,0.16878911239395547,0.16230213544645128,0.20681842559943633,0.1969260896525824,0.1618406344733596,0.15804891219490005,0.1680516963759943,0.17402117886918303,0.15594360264440701,0.15391929510397764,0.12721876230025514,0.15394476419496947,0.15005741504647457,0.15150665506544372,0.10765271597866176,0.13924447637248305,0.14493759816346544,0.1486671094424985,
A4,6,-0.24517035507259594,-0.19475827547879035,-0.16662426675323416,0.28501336758839335,0.0,-0.08495955766462114,0.0,0.10520102827967721,0.125749308527209,0.13203419828699267,0.13425595551700803,0.14671549103282547,0.31342071294784546,0.4070136249065399,0.4230203926563263,0.41980648040771484,0.2858678102493286,0.2142908275127411,0.14919984340667725,0.12064863741397858,0.24557366967201233,0.1961703896522522,0.1409434974193573,0.11874672770500183,0.18604132533073425,0.18307337164878845,0.1500244438648224,0.1371680200099945,0.14257951080799103,0.1579008400440216,0.14869318902492523,0.14430314302444458,0.11865173280239105,0.13704754412174225,0.13180384039878845,0.12868979573249817,0.08439115044558151,0.03959177398488982,0.02069955255857192,0.014502813219327221,0.07585481851591941,0.03589550543301078,0.019973286513035857,0.010323544545243469,0.07699382328671457,0.024226491551459842,0.002493744045802852,-0.008956971891471197,0.0603849338609138,0.025106617454373384,0.0008122836339765129,-0.00815386063876464,0.04926434260886822,0.029247449158419883,0.013896566243766437,0.008362130520762222,0.5398866277822025,0.4209376459320457,0.3119337353038299,0.2542155477662547,0.5186842750934056,0.4242409661067596,0.32513908342410625,0.27909743500927175,0.4470780638634132,0.44306717040543836,0.38104641390291555,0.35496862615003555,0.3967446498288313,0.4410079285589253,0.43704838777934857,0.4335040824065339,0.3764385278917351,0.4316286945684059,0.44020984921622325,0.44275321767498516,0.009078344330191612,0.015284204855561256,0.016699861735105515,0.017857952043414116,0.007667585276067257,0.013570690527558327,0.015332553535699844,0.016756970435380936,0.00588610116392374,0.012306573800742626,0.015160278417170048,0.017389720305800438,0.004510942380875349,0.010452473536133766,0.014305612072348595,0.01714281365275383,0.0037070810794830322,0.00906109157949686,0.012648631818592548,0.015406480059027672,0.2647768696729157,0.24116344902451076,0.20752360101949238,0.19167567474941058,0.2305859654807306,0.22121054557622502,0.193787858976916,0.18545524284801942,0.18293665281565807,0.2040642508849938,0.19463912414929316,0.19659599432051916,0.14556388329602066,0.1802324665462686,0.19077745141002894,0.19951386187481704,0.12473227411211639,0.1626400683376285,0.17543434790650636,0.18587700226594506,
A5,1,-0.14006839623727615,-0.11296760523579295,-0.09033596666967317,0.22101179348835767,0.0,0.0,0.0,0.06133224513473475,0.08515327106293039,0.09497427331936237,0.0960784822981147,0.09966922576717924,0.22265975177288055,0.282326340675354,0.2953862249851227,0.2842155396938324,0.1378871351480484,0.11173142492771149,0.09011374413967133,0.07034262269735336,0.1354033648967743,0.11442989856004715,0.09256847947835922,0.06815720349550247,0.11345838755369186,0.0984942615032196,0.08143475651741028,0.05778610706329346,0.08616195619106293,0.08669573068618774,0.07093817740678787,0.05210179463028908,0.07037202268838882,0.07468225061893463,0.06778846681118011,0.05338279530405998,0.03655183546136179,0.01812893655924351,0.003321193623204975,0.006881691936230916,0.02092554436115023,0.008532208796952347,-0.0003468707650692991,0.003950749129873423,0.026464525054096605,0.015247249761047446,0.007598227504389821,0.00790031216579515,0.02453393839905381,0.012161628591771015,0.00808436429058359,0.003979873733543525,0.022978113313854045,0.013796760333742164,0.005624582491151306,0.0002125172458045091,0.28428840914264114,0.24610673583878495,0.2043929874641797,0.1597401568067753,0.316573861638572,0.2740081368605721,0.22675174121823163,0.168680917835053,0.29648018397200687,0.26053806965450477,0.21912997967392722,0.15654194754117293,0.268520571414978,0.2645028523497984,0.22483040603976698,0.16314453916956212,0.2541565117917708,0.2594712941021087,0.2464092920142567,0.19205130172464846,0.004323205910623074,0.008844776079058647,0.010826794430613518,0.012244253419339657,0.004169733729213476,0.00848429650068283,0.010625901632010937,0.011881412006914616,0.003566799918189645,0.007568852044641972,0.009914922527968884,0.0109132444486022,0.0027843983843922615,0.006796417757868767,0.008979487232863903,0.010188082233071327,0.0023406182881444693,0.005987456999719143,0.008442681282758713,0.009874255396425724,0.13754511201393038,0.15204791911252236,0.14878282906024592,0.14260029764257393,0.1363502432777553,0.14669479136886204,0.1455287093741888,0.13892287616866975,0.11845948354923608,0.12989863020576164,0.1348976170229844,0.1281160538581739,0.0951762008359791,0.12060771826728194,0.12525938679298004,0.12149615339195108,0.0830053209639796,0.1093864763309805,0.12055354790998148,0.11988177774540949,
A5,2,-0.18073182590733225,-0.1445260481348774,-0.12068592062656394,0.21390581598892305,0.0,0.0,0.0,0.07872804784500045,0.09966879141651895,0.11070587332735361,0.11435416464298677,0.1200621087643736,0.23005521297454834,0.3081270158290863,0.33177289366722107,0.32961949706077576,0.1462743580341339,0.10219965130090714,0.0656992644071579,0.04972044751048088,0.12497806549072266,0.09717494249343872,0.06869824230670929,0.05439925193786621,0.09192284196615219,0.08492882549762726,0.06765913963317871,0.05529823154211044,0.07207375019788742,0.07592027634382248,0.07065767049789429,0.06210053339600563,0.06099165976047516,0.07080991566181183,0.07050583511590958,0.0638807862997055,0.024475672698760727,-0.003087472392636754,-0.003791612980449975,9.052484011452188e-05,0.024279303669439728,-0.0016197220567823706,-0.008716794541676239,-0.0065941921595769285,0.0353732228445202,0.007884738713564123,-0.004813549479372072,-0.006730909779759408,0.027119120577411206,0.009135630845881636,-0.004692517117660432,-0.007240258615371994,0.02272649678201715,0.008555549726745135,-0.0021026123224934454,-0.0044548175705899215,0.3411862871158697,0.23751882311478695,0.14939611873418465,0.11811585616486131,0.33584603744147923,0.2543656360728813,0.17480649716621735,0.14357628258190339,0.2803944012048635,0.24565516479247218,0.19600073860787334,0.1624303477604639,0.2567394156774547,0.25480010022017247,0.2391203761598973,0.21158650009697252,0.24508025643637107,0.26428826376963965,0.2652707248761901,0.23851896645392498,0.004597054328769445,0.00872360821813345,0.009356657043099403,0.010136948898434639,0.0039524356834590435,0.008216695860028267,0.00915688555687666,0.010426717810332775,0.003005156759172678,0.007150551304221153,0.008793899789452553,0.010074684396386147,0.002389192348346114,0.006198259070515633,0.008496980182826519,0.010015559382736683,0.002050856128334999,0.0057175494730472565,0.008181339129805565,0.009816396050155163,0.150429978800367,0.1432065171100122,0.11885756769624135,0.11458719121213322,0.13322733349120125,0.14040198748499197,0.11935569421341805,0.1186553132564474,0.10342036923568769,0.123782628310058,0.11599706823269856,0.11618650042377918,0.0843022239199844,0.11061050602768861,0.11518914528364699,0.1180747708758132,0.07385643713465638,0.1043965506577894,0.11394534933640857,0.11781851371670861,
A5,3,-0.1992833225072276,-0.15880845282744202,-0.13439522134781262,0.2430463832159693,-0.1563019424121251,0.0,0.0,0.08220224947472415,0.10098930552717747,0.11078746691983157,0.11436573059714515,0.12031430523100009,0.2591162919998169,0.3186430335044861,0.335053414106369,0.3277128338813782,0.22525204718112946,0.12804824113845825,0.08533842116594315,0.07384226471185684,0.17305481433868408,0.11099260300397873,0.07756862044334412,0.06805799156427383,0.1413734406232834,0.10375364869832993,0.0794038474559784,0.06749270111322403,0.10793079435825348,0.09593643248081207,0.08491761237382889,0.0717969611287117,0.08873545378446579,0.0852290689945221,0.0794268548488617,0.07155788689851761,0.049954222595445935,0.019487964259862628,0.005426284871950211,-0.0024537784042105745,0.06587441450171685,0.027135258257021778,0.008910558154844412,0.0029018715626900607,0.05209362508132796,0.015939161547887184,0.0026214197594788295,0.00216961925989739,0.04234979171169568,0.01178807880790015,-0.0038491243659566385,-0.003786158192336169,0.03595347266234151,0.01400717027797008,0.0020227383551999164,-0.001952321871706925,0.4544975244980097,0.2718747042202414,0.18028415747085133,0.15878694116372358,0.4006140570728993,0.2619316359376736,0.18183753700710825,0.16307954066179817,0.37473294986308425,0.2734782733874535,0.21173621475181376,0.18073274903127978,0.343918062136573,0.3003251537766109,0.26648404284061317,0.22636622844256105,0.3287858969337312,0.29946204750799227,0.28190483971092256,0.25419535485161754,0.007180031854659319,0.010607023723423481,0.011062308214604855,0.012585512362420559,0.005623105447739363,0.009322312660515308,0.010224760510027409,0.01174230221658945,0.0045710960403084755,0.008452009409666061,0.009967277757823467,0.011316156014800072,0.0035623041912913322,0.007468977011740208,0.009752396494150162,0.011233777739107609,0.002954280935227871,0.006620847154408693,0.00908053107559681,0.010744660161435604,0.2274807711676805,0.1767133292777679,0.14985723793958147,0.14897703494167072,0.1831690868157907,0.1587979874023901,0.13934629597137216,0.13993833868044148,0.15202174396658702,0.14797057106412057,0.1384438960006517,0.13613089544813928,0.12334504154937659,0.13573642628970217,0.13934207094332904,0.13827928331481437,0.1055426122557195,0.12436372285144544,0.1324507433485133,0.13462198810567697,
A5,4,-0.2153111386342325,-0.1713497289074,-0.1459828009693951,0.2566765960899816,-0.1665678944501684,0.0,0.0,0.09248797177723384,0.10869264124158304,0.11675061150823926,0.11886009756735157,0.127948214558298,0.2684190571308136,0.34409332275390625,0.3626978397369385,0.3548261821269989,0.20291878283023834,0.15815231204032898,0.100267194211483,0.07947313040494919,0.17180775105953217,0.13664725422859192,0.093480683863163,0.07634158432483673,0.13865156471729279,0.12244343012571335,0.09084811061620712,0.0733334869146347,0.10456162691116333,0.10601388663053513,0.09209530800580978,0.07716886699199677,0.08880337327718735,0.0956883504986763,0.09051398932933807,0.08110032975673676,0.04262074300205515,0.02232621603167153,0.03598448779090704,0.02550023115036194,0.042174674433984066,0.023876312965515314,0.021700124935453247,0.01296343235608099,0.041328884798705966,0.017772375496939878,0.008554703962063004,0.005198557624286965,0.03776791759538453,0.018121883433169693,0.0033178655003810215,0.0010828806679319498,0.030244773563817506,0.01703652935661696,0.0030576859830289435,-0.0014205397303455086,0.3697303742414578,0.31236553704016284,0.19956656444065404,0.16122524895458998,0.35740067766715794,0.307133501859416,0.20858529238595921,0.17198235578177512,0.32489466739596556,0.30633822310007164,0.22631902528837491,0.18061297585622105,0.28850493243552744,0.29751018368565046,0.2596551680812893,0.21685351760645902,0.28370579239423327,0.3057148924437091,0.29327042374196316,0.26254382719439806,0.006356986239552498,0.011407708749175072,0.011876125819981098,0.01284984964877367,0.005483162589371204,0.010151308961212635,0.011340118944644928,0.01267047319561243,0.004487198311835527,0.009082389995455742,0.010953884571790695,0.012326449155807495,0.003382960334420204,0.008019738830626011,0.010762685909867287,0.012382285669445992,0.0029124997090548277,0.007279531564563513,0.010308779776096344,0.012296546250581741,0.18843225326537266,0.18168049676458078,0.15203308695843357,0.14435856222578974,0.16739843979680114,0.16379199952535545,0.14458284235613278,0.14171547324572348,0.13924405260128278,0.15048620004826346,0.14257165037444283,0.13968001490803642,0.10881433695346748,0.13598826688861387,0.1408951607317274,0.14096348622182725,0.09721458674340504,0.1290211836266574,0.13997743704972823,0.14378702180447814,
A5,5,-0.23051574155249618,-0.18329544961823663,-0.15682531809934824,0.2799608145754982,-0.17269457085676726,0.0,0.0,0.09359355911832894,0.10804384628114551,0.11361528091495784,0.11553944104190764,0.1257746799643366,0.2784919738769531,0.3514782190322876,0.3572540879249573,0.3497196435928345,0.2515300512313843,0.17201068997383118,0.1019567996263504,0.07975941896438599,0.21535393595695496,0.15735022723674774,0.09535147249698639,0.07903612405061722,0.16700376570224762,0.13874800503253937,0.09933598339557648,0.08445435017347336,0.12191639095544815,0.11987611651420593,0.09720659255981445,0.08629129827022552,0.09872682392597198,0.10443098843097687,0.09381905198097229,0.08521336317062378,0.06478015023090854,0.01492470844198899,0.018182155229982747,0.002277657700706302,0.06186808921509658,0.015620460847829637,0.014520907754004612,0.00443970595935706,0.06017104915901074,0.018582965635332568,0.002775239986989242,-0.002640733163912363,0.05266394400174719,0.018274288172521868,0.0008464920178619743,-0.003492518602456918,0.043718994824333994,0.020831613470246053,0.0031749039432938863,-0.0016920979407626829,0.47058744892091914,0.343597154959661,0.20530516562078213,0.16349442303528317,0.45626102838731925,0.3555165447558345,0.21840241939035657,0.18391507787079064,0.41425326385152134,0.3584005791645595,0.257118427183557,0.21632590673264832,0.3543317891967701,0.3550244559587834,0.28472303631651597,0.2506610383579179,0.3359289866922876,0.35397849204494874,0.31222648232019,0.27985744697351045,0.00799627136439085,0.012968850322067738,0.013440144248306751,0.014809943735599518,0.006785382516682148,0.011790386401116848,0.012355993501842022,0.014085040427744389,0.005290657747536898,0.010003295727074146,0.011680670082569122,0.013509927317500114,0.003873939160257578,0.008499344810843468,0.010921434499323368,0.012926755473017693,0.0031487976666539907,0.007432743441313505,0.010216347873210907,0.012360879220068455,0.23514198581440296,0.20895567871546772,0.16959676371581256,0.16120731472276975,0.2057244591517455,0.1958724178134071,0.15976033537023995,0.15715112906568388,0.16781012528256545,0.17463988587233634,0.15662437367170975,0.15495171254017548,0.1267844488772131,0.15322162242029524,0.14937624161602417,0.15109801942145967,0.10720411099996902,0.13910165262199634,0.14492556466263115,0.14871648266355547,
A5,6,-0.2460503573956841,-0.1957234357515179,-0.1671776126548288,0.2735977726246136,-0.17363576643429876,0.0,0.0,0.10310308974351172,0.12176108802570278,0.1299180892067768,0.13114792336105624,0.1430178771276243,0.3067686855792999,0.39354437589645386,0.415132611989975,0.4077141284942627,0.29524290561676025,0.22060982882976532,0.15812376141548157,0.12510526180267334,0.25091031193733215,0.2021295577287674,0.1529005467891693,0.12507687509059906,0.19615116715431213,0.18126250803470612,0.15229807794094086,0.13209612667560577,0.14886409044265747,0.15437281131744385,0.14432980120182037,0.1331116408109665,0.12341953814029694,0.13951417803764343,0.13689850270748138,0.12795661389827728,0.07839337734474781,0.04018760493955422,0.032296726108987234,0.02211448599773168,0.07632947465680125,0.036413007412279465,0.023611450304891278,0.014582768627351306,0.07018129115562967,0.028890607264568643,0.009934518692194498,2.81050529183005e-06,0.05866291100223993,0.02835576935085244,0.008713749130297318,-0.000984055498450397,0.04998927071741775,0.025725623455180452,0.009660370691949454,0.0032807610155630765,0.5710913227018163,0.45063592891508625,0.3299185241245518,0.2584761641835684,0.5452398225829919,0.45879839538131967,0.3476311899808209,0.28407371910661955,0.4905506429909787,0.4619573012417644,0.38707852084875577,0.3364329608876845,0.4323448241196957,0.44633125283312686,0.41488474724455476,0.38045795450630654,0.40800640830462526,0.4536186481357246,0.4420102623468483,0.41362636480324383,0.008957583457231522,0.014996808022260666,0.01690349541604519,0.018102427944540977,0.007647544611245394,0.013565894216299057,0.016091912984848022,0.01728667877614498,0.006104152649641037,0.012014017440378666,0.015120335854589939,0.01681920513510704,0.004631400108337402,0.010242456570267677,0.01390301063656807,0.01632234826683998,0.00383272604085505,0.009173493832349777,0.012984298169612885,0.01549158338457346,0.288506764889784,0.25422518157975577,0.2267186510662032,0.20837673468240903,0.2514176250741527,0.23489214357311508,0.21848602947167753,0.20457239427831547,0.20462933177585463,0.21482778019872534,0.21129478844890653,0.20472064786186836,0.16004325114202958,0.18935697291463408,0.20164534016696767,0.20303571301223602,0.13635887181158515,0.1746313491526394,0.19429505881443823,0.19854192510913415,
