path,ann,sharpe,mdd,split,model,strategy,scenario,transform,portfolio_value,target_frac,hold_frac,return_mode,execution_lag,market_timing_mode,dynamic_min_mult,min_adv_cny,adv_participation_cap,rebalance_band,predictor,weight_mode,reliability
backtest_results_test_plan_v9_raw_test\v9_retention_summary.csv,149.82725088110783,4.31151886337723,0.1189032739815104,test,,,,,,0.03,0.3,,,legacy,,,,,v9_raw,equal,
backtest_results_v9_retention_20260531\topfocus_raw_test_legacy_target3\v9_retention_summary.csv,142.77985922127817,4.223410252024864,0.1165679015360445,test,,,,,,0.03,0.4,,,legacy,,,,,v9_raw,equal,
backtest_results_v9_retention_20260531\topfocus_raw_test_legacy_target3_cost2x\v9_retention_summary.csv,123.3740143982613,3.838040943960261,0.120081916344022,test,,,,,,0.03,0.4,,,legacy,,,,,v9_raw,equal,
backtest_results_test_plan_v9_avgw3_test\v9_retention_summary.csv,89.1471543337644,3.1748147470168746,0.1313899870871707,test,,,,,,0.03,0.4,,,legacy,,,,,v9_raw_persistent_average_w3,equal,
backtest_result_snapshots\20260531_model_strategy_comparison_summary.csv,89.1471543337644,3.1748147470168746,0.1313899870871707,test,V9 topfocus average_w3,retention target0.030/hold0.400,,,,0.03,0.4,,,,,,,,,,same_engine_full_cost
backtest_results_v9_retention_20260531\topfocus_avgw3_test_legacy_finegrid\v9_retention_summary.csv,89.1471543337644,3.1748147470168746,0.1313899870871707,test,,,,,,0.03,0.4,,,legacy,,,,,v9_raw_persistent_average_w3,equal,
backtest_results_v9_retention_20260531\avgw3_open_to_open_exec1m_dynamic_min_sweep_summary.csv,57.34911812209851,3.044144746492589,0.0990708079541132,test,,,,,1000000.0,0.03,0.5,open_to_open,0.0,dynamic,0.2,20000000.0,0.05,,,,
backtest_results_v9_retention_20260531\avgw3_open_to_open_exec1m_market_mode_summary.csv,57.34911812209851,3.044144746492589,0.0990708079541132,test,,,,,1000000.0,0.03,0.5,open_to_open,0.0,dynamic,,20000000.0,0.05,,,,
backtest_results_v9_retention_20260531\avgw3_test_targetfine_open_to_open_exec1m_cap5_min20_market_dynamic\open_execution_summary.csv,57.34911812209851,3.044144746492589,0.0990708079541132,,,,,,1000000.0,0.03,0.5,open_to_open,0.0,dynamic,,20000000.0,0.05,,,,
backtest_results_v9_retention_20260531\topfocus_avgw3_test_legacy_widegrid\v9_retention_summary.csv,74.26654612341923,2.974906452950545,0.1192980994740193,test,,,,,,0.15,0.5,,,legacy,,,,,v9_raw_persistent_average_w3,equal,
backtest_results_v9_retention_20260531\topfocus_avgw3_test_legacy_finegrid_cost2x\v9_retention_summary.csv,81.16064548476358,2.9656122788473858,0.1332615830440424,test,,,,,,0.03,0.4,,,legacy,,,,,v9_raw_persistent_average_w3,equal,
backtest_results_v9_retention_20260531\avgw3_test_targetfine_open_to_open_exec1m_cap5_min20_market_dynamic_min0p30\open_execution_summary.csv,60.0436707276028,2.9471185845102847,0.1110708204017319,,,,,,1000000.0,0.03,0.5,open_to_open,0.0,dynamic,,20000000.0,0.05,,,,
backtest_results_v9_retention_20260531\avgw3_test_targetfine_open_to_open_exec1m_cap5_min20_market_dynamic_min0p40\open_execution_summary.csv,62.74273490318412,2.8511442895551724,0.1229611052177998,,,,,,1000000.0,0.03,0.5,open_to_open,0.0,dynamic,,20000000.0,0.05,,,,
backtest_results_v9_retention_20260531\avgw3_test_target3_open_to_close_exec1m_cap5_min20\open_execution_summary.csv,65.9885897868753,2.8430842294459544,0.0789541965748818,,,,,,1000000.0,0.03,0.4,open_to_close,0.0,legacy,,20000000.0,0.05,,,,
backtest_results_v9_retention_20260531\current_best_1m_2xcost_sensitivity.csv,52.50801272713053,2.838487034369661,0.1007517428750381,test,,dynamic_min0p20,,,1000000.0,0.03,0.5,open_to_open,0.0,dynamic,,20000000.0,0.05,,,,
backtest_results_v9_retention_20260531\final_dynamic_min0p20_test_target3_hold50_open_to_open_exec1m_2xcost\open_execution_summary.csv,52.50801272713053,2.838487034369661,0.1007517428750381,,,,,,1000000.0,0.03,0.5,open_to_open,0.0,dynamic,,20000000.0,0.05,,,,
backtest_results_v9_retention_20260531\avgw3_test_targetfine_open_to_open_exec1m_cap5_min20_market_dynamic_min0p50\open_execution_summary.csv,65.44497270414826,2.759098775737558,0.1347422687895772,,,,,,1000000.0,0.03,0.5,open_to_open,0.0,dynamic,,20000000.0,0.05,,,,
backtest_results_v9_retention_20260531\avgw3_exec_lag1_summary.csv,72.97182800744952,2.756983810420316,0.1407563831250558,test,,,,,,,,,,,,,,,,,
backtest_results_v9_retention_20260531\avgw3_test_target3_execution_cap5_min20_lag1_hold50\execution_constrained_summary.csv,72.97182800744952,2.756983810420316,0.1407563831250558,,,,,,100000000.0,0.03,0.5,,1.0,legacy,,20000000.0,0.05,,,,
backtest_results_v9_retention_20260531\final_dynamic_min0p30_test_target3_hold50_open_to_open_exec1m_2xcost\open_execution_summary.csv,55.062101181580616,2.753562644163774,0.1127269001857387,,,,,,1000000.0,0.03,0.5,open_to_open,0.0,dynamic,,20000000.0,0.05,,,,
backtest_results_v9_retention_20260531\avgw3_open_to_open_exec1m_holdfine_maxweight_summary.csv,73.19,2.724,15.25,test,,,,,,,0.5,,,,,,,,,,
backtest_results_v9_retention_20260531\avgw3_open_to_open_exec1m_minadv_sweep_summary.csv,73.19280407792321,2.7236300196892897,0.1524773137522483,test,,,,,1000000.0,0.03,0.5,open_to_open,0.0,legacy,,20000000.0,0.05,,,,
backtest_results_v9_retention_20260531\avgw3_open_to_open_exec1m_summary.csv,73.19280407792321,2.7236300196892897,0.1524773137522483,test,,,,,1000000.0,0.03,0.5,open_to_open,0.0,legacy,,20000000.0,0.05,,,,
backtest_results_v9_retention_20260531\avgw3_open_to_open_exec1m_targetfine_summary.csv,73.19280407792321,2.7236300196892897,0.1524773137522483,test,,,,,1000000.0,0.03,0.5,open_to_open,0.0,legacy,,20000000.0,0.05,,,,
backtest_results_v9_retention_20260531\avgw3_test_target3_open_to_open_exec1m_cap5_min20\open_execution_summary.csv,73.19280407792321,2.7236300196892897,0.1524773137522483,,,,,,1000000.0,0.03,0.5,open_to_open,0.0,legacy,,20000000.0,0.05,,,,
backtest_results_v9_retention_20260531\avgw3_test_target3_open_to_open_exec1m_cap5_min20_holdfine_mw0p03\open_execution_summary.csv,73.19280407792321,2.7236300196892897,0.1524773137522483,,,,,,1000000.0,0.03,0.5,open_to_open,0.0,legacy,,20000000.0,0.05,,,,
backtest_results_v9_retention_20260531\avgw3_test_target3_open_to_open_exec1m_cap5_min20_holdfine_mw0p04\open_execution_summary.csv,73.19280407792321,2.7236300196892897,0.1524773137522483,,,,,,1000000.0,0.03,0.5,open_to_open,0.0,legacy,,20000000.0,0.05,,,,
backtest_results_v9_retention_20260531\avgw3_test_target3_open_to_open_exec1m_cap5_min20_holdfine_mw0p05\open_execution_summary.csv,73.19280407792321,2.7236300196892897,0.1524773137522483,,,,,,1000000.0,0.03,0.5,open_to_open,0.0,legacy,,20000000.0,0.05,,,,
backtest_results_v9_retention_20260531\avgw3_test_target3_open_to_open_exec1m_cap5_min20_rerun\open_execution_summary.csv,73.19280407792321,2.7236300196892897,0.1524773137522483,,,,,,1000000.0,0.03,0.5,open_to_open,0.0,legacy,,20000000.0,0.05,,,,
backtest_results_v9_retention_20260531\avgw3_test_targetfine_open_to_open_exec1m_cap5_min20\open_execution_summary.csv,73.19280407792321,2.7236300196892897,0.1524773137522483,,,,,,1000000.0,0.03,0.5,open_to_open,0.0,legacy,,20000000.0,0.05,,,,
backtest_results_v9_retention_20260531\avgw3_test_execution_sensitivity_20260531\execution_constraint_sweep_summary.csv,71.82386225267356,2.712608928798628,0.1340188525059571,,,,,,100000000.0,0.03,0.4,,,legacy,,10000000.0,0.03,,,,
backtest_results_v9_retention_20260531\avgw3_test_execution_sensitivity_20260531\top_by_sharpe.csv,71.82386225267356,2.712608928798628,0.1340188525059571,,,,,,100000000.0,0.03,0.4,,,legacy,,10000000.0,0.03,,,,
backtest_results_v9_retention_20260531\avgw3_test_target3_open_to_open_exec1m_cap5_min5\open_execution_summary.csv,72.38500187726969,2.708921110257979,0.1517156458402816,,,,,,1000000.0,0.03,0.5,open_to_open,0.0,legacy,,5000000.0,0.05,,,,
backtest_results_v9_retention_20260531\avgw3_test_target3_open_to_open_exec1m_cap5_min10\open_execution_summary.csv,72.24034222279994,2.7050043545586044,0.1519067552008072,,,,,,1000000.0,0.03,0.5,open_to_open,0.0,legacy,,10000000.0,0.05,,,,
backtest_results_v9_retention_20260531\avgw3_test_targetfine_open_to_open_exec1m_cap5_min20_market_dynamic_min0p60\open_execution_summary.csv,68.14880819821872,2.6724489676024863,0.1464149234913986,,,,,,1000000.0,0.03,0.5,open_to_open,0.0,dynamic,,20000000.0,0.05,,,,
backtest_results_v9_retention_20260531\topfocus_avgw3_test_legacy\v9_retention_summary.csv,64.21658938833215,2.665402916267107,0.127911676236104,test,,,,,,0.2,0.8,,,legacy,,,,,v9_raw_persistent_average_w3,equal,
backtest_results_v9_retention_20260531\avgw3_test_target3_execution_cap5_adv20m\execution_constrained_summary.csv,70.19659538157632,2.661201753700563,0.1337859077552856,,,,,,100000000.0,0.03,0.4,,,legacy,,20000000.0,0.05,,,,
backtest_results_v9_retention_20260531\avgw3_test_target3_execution_cap5_adv20m_holdgrid\execution_constrained_summary.csv,70.19659538157632,2.661201753700563,0.1337859077552856,,,,,,100000000.0,0.03,0.4,,,legacy,,20000000.0,0.05,,,,
locked_candidate_confirmation_20260614\confirmation_summary.csv,74.65738929625812,2.6453272138153365,0.1258528706097012,,frozen_v9,,lag1,,1000000.0,0.006,0.1,,1.0,legacy,,,,0.2,,,
backtest_results_v9_retention_20260531\raw_avgw3_rankblend_open_to_open_exec1m_summary.csv,71.16613238069245,2.6443082166915266,0.1579047267095643,test,,,,,1000000.0,0.03,0.6,open_to_open,0.0,legacy,,20000000.0,0.05,,,,
backtest_results_v9_retention_20260531\raw_avgw3_rankblend_test_w25_75_open_to_open_exec1m_cap5_min20\open_execution_summary.csv,71.16613238069245,2.6443082166915266,0.1579047267095643,,,,,,1000000.0,0.03,0.6,open_to_open,0.0,legacy,,20000000.0,0.05,,,,
backtest_results_v9_retention_20260531\avgw3_test_target3_execution_cap5_min20_lag1\execution_constrained_summary.csv,68.59241408498842,2.619795649835982,0.1364349951731965,,,,,,100000000.0,0.03,0.4,,1.0,legacy,,20000000.0,0.05,,,,
backtest_results_v9_retention_20260531\final_legacy_test_target3_hold50_open_to_open_exec1m_2xcost\open_execution_summary.csv,67.26684236025461,2.557217275500378,0.1541790561864783,,,,,,1000000.0,0.03,0.5,open_to_open,0.0,legacy,,20000000.0,0.05,,,,
backtest_results_test_plan_small_account_avgw3_test\execution_constraint_sweep_summary.csv,67.14051992769936,2.552136969162964,0.1344084865324949,,,,,,500000.0,0.03,0.3,,0.0,legacy,,3000000.0,0.05,,,,
backtest_results_test_plan_small_account_avgw3_test\top_by_sharpe.csv,67.14051992769936,2.552136969162964,0.1344084865324949,,,,,,500000.0,0.03,0.3,,0.0,legacy,,3000000.0,0.05,,,,
backtest_results_v9_retention_20260531\avgw3_test_target3_open_to_open_exec1m_cap5_min50\open_execution_summary.csv,65.2893062380281,2.519352784209121,0.1562456140342396,,,,,,1000000.0,0.03,0.5,open_to_open,0.0,legacy,,50000000.0,0.05,,,,
backtest_results_v9_retention_20260531\avgw3_test_target3_execution_cap5_adv20m_hold3040_cost2x\execution_constrained_summary.csv,63.11206984442235,2.455562051569125,0.1356186651091069,,,,,,100000000.0,0.03,0.4,,,legacy,,20000000.0,0.05,,,,
backtest_results_v9_retention_20260531\raw_test_target3_execution_cap5_adv20m_holdgrid\execution_constrained_summary.csv,61.85943422785185,2.405194287894637,0.1243438960752054,,,,,,100000000.0,0.03,0.5,,,legacy,,20000000.0,0.05,,,,
reranker_confirmation_20260615\meta_gate_v41\summary.csv,52.33243681433248,2.3901228016947607,0.1092073216062735,,v41,,base,,1000000.0,0.006,0.1,,0.0,legacy,,,,0.2,,,
backtest_results_v9_retention_20260531\avgw3_test_targetfine_open_to_open_exec1m_cap5_min20_market_none\open_execution_summary.csv,78.0918554423162,2.376943996880759,0.1911635370134022,,,,,,1000000.0,0.03,0.5,open_to_open,0.0,none,,20000000.0,0.05,,,,
backtest_results_v9_retention_20260531\v9v10_rankens_exec100m_cap5_min20_summary.csv,58.40042492537663,2.3541804951532947,0.1267085137338404,test,,,,,,,,,,,,,,,,,
backtest_results_v9_retention_20260531\v9v10_rankens_test_w75_25_exec100m_cap5_min20\execution_constrained_summary.csv,58.40042492537663,2.3541804951532947,0.1267085137338404,,,,,,100000000.0,0.03,0.4,,,legacy,,20000000.0,0.05,,,,
backtest_results_test_plan_fixed_names_avgw3_test\execution_constraint_sweep_summary.csv,75.2322790624866,2.3387290777126744,0.1921292506886847,,,,,,500000.0,0.004,0.06,,0.0,legacy,,3000000.0,0.05,,,,
backtest_results_test_plan_fixed_names_avgw3_test\top_by_sharpe.csv,75.2322790624866,2.3387290777126744,0.1921292506886847,,,,,,500000.0,0.004,0.06,,0.0,legacy,,3000000.0,0.05,,,,
backtest_results_exp_blend_raw75_avg25_hold100_test\ledger\execution_constraint_sweep_summary.csv,65.9351284632323,2.3116756070991618,0.1280183795996569,,,,,,500000.0,0.004,0.1,,0.0,legacy,,3000000.0,0.05,,,,
backtest_results_exp_blend_raw75_avg25_hold100_test\ledger\top_by_sharpe.csv,65.9351284632323,2.3116756070991618,0.1280183795996569,,,,,,500000.0,0.004,0.1,,0.0,legacy,,3000000.0,0.05,,,,
backtest_results_v9_retention_20260531\raw_test_target3_execution_cap5_adv20m\execution_constrained_summary.csv,60.15020432487317,2.3109348386960047,0.1268487928769744,,,,,,100000000.0,0.03,0.4,,,legacy,,20000000.0,0.05,,,,
backtest_results_v9_retention_20260531\raw_avgw3_rankblend_test_w50_50_open_to_open_exec1m_cap5_min20\open_execution_summary.csv,59.05114151151179,2.282686871401639,0.1643640788915737,,,,,,1000000.0,0.035,0.6,open_to_open,0.0,legacy,,20000000.0,0.05,,,,
backtest_results_v9_retention_20260531\v9v10_rankens_test_w50_50_exec100m_cap5_min20\execution_constrained_summary.csv,56.59309399576318,2.28018080267133,0.1253508917923138,,,,,,100000000.0,0.03,0.4,,,legacy,,20000000.0,0.05,,,,
backtest_results_exp_consensus_geo_test\ledger\execution_constraint_sweep_summary.csv,56.65138269100862,2.262572936394214,0.1278791949252919,,,,,,1000000.0,0.01,0.06,,0.0,legacy,,3000000.0,0.05,,,,
backtest_results_exp_consensus_geo_test\ledger\top_by_sharpe.csv,56.65138269100862,2.262572936394214,0.1278791949252919,,,,,,1000000.0,0.01,0.06,,0.0,legacy,,3000000.0,0.05,,,,
backtest_results_exp_blend_raw75_avg25_test\ledger\execution_constraint_sweep_summary.csv,62.72966314916331,2.242853431006586,0.1260346022712298,,,,,,500000.0,0.004,0.06,,0.0,legacy,,3000000.0,0.05,,,,
backtest_results_exp_blend_raw75_avg25_test\ledger\top_by_sharpe.csv,62.72966314916331,2.242853431006586,0.1260346022712298,,,,,,500000.0,0.004,0.06,,0.0,legacy,,3000000.0,0.05,,,,
backtest_results_test_plan_small_account_raw_test\execution_constraint_sweep_summary.csv,58.09980430123025,2.2388883323196507,0.1315132495325625,,,,,,500000.0,0.03,0.3,,0.0,legacy,,3000000.0,0.05,,,,
backtest_results_test_plan_small_account_raw_test\top_by_sharpe.csv,58.09980430123025,2.2388883323196507,0.1315132495325625,,,,,,500000.0,0.03,0.3,,0.0,legacy,,3000000.0,0.05,,,,
backtest_results_v9_retention_20260531\raw_avgw3_rankblend_test_w75_25_open_to_open_exec1m_cap5_min20\open_execution_summary.csv,58.21163127144573,2.2173589304463435,0.1701863246782545,,,,,,1000000.0,0.03,0.6,open_to_open,0.0,legacy,,20000000.0,0.05,,,,
reranker_confirmation_20260615\regression_v3\summary.csv,45.907653496490354,2.2020594219513505,0.1150765669267785,,v3,,lag1,,1000000.0,0.006,0.1,,1.0,legacy,,,,0.2,,,
backtest_result_snapshots\20260531_temporal_market_timing_summary.csv,48.73162521788386,2.161032194272129,0.125810499648305,test,,,,,,0.3,0.8,,,legacy,,,,,,,
_archive_results_20260604\backtest_results_temporal_retention_20260531\h3h5h7_longonly_test_market_legacy_t30h80\temporal_retention_summary.csv,48.73162521788386,2.161032194272129,0.125810499648305,,,,,,,0.3,0.8,,,legacy,,,,,,equal,
backtest_results_exp_rebalance_band10_pv1m_test\execution_constraint_sweep_summary.csv,55.57668758198777,2.160744494116142,0.1221351754570749,,,,,,1000000.0,0.006,0.1,,0.0,legacy,,3000000.0,0.05,0.1,,,
backtest_results_exp_rebalance_band10_pv1m_test\top_by_sharpe.csv,55.57668758198777,2.160744494116142,0.1221351754570749,,,,,,1000000.0,0.006,0.1,,0.0,legacy,,3000000.0,0.05,0.1,,,
backtest_results_exp_rebalance_band20_test\execution_constraint_sweep_summary.csv,55.42115684158515,2.158572741971922,0.1213986000406924,,,,,,1000000.0,0.006,0.1,,0.0,legacy,,3000000.0,0.05,0.2,,,
backtest_results_exp_rebalance_band20_test\top_by_sharpe.csv,55.42115684158515,2.158572741971922,0.1213986000406924,,,,,,1000000.0,0.006,0.1,,0.0,legacy,,3000000.0,0.05,0.2,,,
backtest_results_v9_retention_20260531\v9v10_rankens_test_w25_75_exec100m_cap5_min20\execution_constrained_summary.csv,52.35649679720422,2.1582494666983374,0.1271529365065061,,,,,,100000000.0,0.03,0.4,,,legacy,,20000000.0,0.05,,,,
_archive_results_20260604\backtest_results_temporal_retention_20260531\h3h5h7_longonly_test_market_legacy_one\temporal_retention_summary.csv,49.59328430444745,2.154128597602289,0.133001906332632,,,,,,,0.2,0.8,,,legacy,,,,,,equal,
reranker_confirmation_20260615\gated_v4\summary.csv,50.21127404141004,2.147359909859506,0.1075872058392278,,v4,,lag1,,1000000.0,0.006,0.1,,1.0,legacy,,,,0.2,,,
_archive_results_20260604\backtest_results_temporal_retention_20260531\h3h5h7_longonly_test_market_legacy_hold90\temporal_retention_summary.csv,48.52713231817189,2.144597062683258,0.1343939864446833,,,,,,,0.2,0.9,,,legacy,,,,,,equal,
_archive_results_20260604\backtest_results_temporal_retention_20260531\h3h5h7_longonly_h128_t64_n3000_test_best\temporal_retention_summary.csv,60.454658664858016,2.131386201619377,0.159791398855774,,,,,,,0.3,0.8,,,,,,,,,equal,
backtest_results_v9_retention_20260531\topfocus_raw_val_legacy_target3\v9_retention_summary.csv,109.50415596534675,2.127670708915381,0.1580722651316241,val,,,,,,0.03,0.25,,,legacy,,,,,v9_raw,equal,
_archive_results_20260604\backtest_results_temporal_retention_20260531\h3h5h7_seed5590_5591_rankens_test_legacy\temporal_retention_summary.csv,45.22780609902806,2.1174996439140465,0.1256958743428565,,,,,,,0.3,0.9,,,legacy,,,,,,equal,
backtest_results_test_plan_share_ledger_primary_test\execution_constraint_sweep_summary.csv,54.25499101446971,2.1130553240810874,0.121969467263453,,,,,,1000000.0,0.006,0.1,,0.0,legacy,,3000000.0,0.05,,,,
backtest_results_test_plan_share_ledger_primary_test\top_by_sharpe.csv,54.25499101446971,2.1130553240810874,0.121969467263453,,,,,,1000000.0,0.006,0.1,,0.0,legacy,,3000000.0,0.05,,,,
_archive_results_20260604\backtest_results_temporal_retention_20260531\h3h5h7_longonly_test_market_dynamic_t30h80\temporal_retention_summary.csv,32.185580641243085,2.042291355104788,0.0866883114495962,,,,,,,0.3,0.8,,,dynamic,,,,,,equal,
backtest_results_test_plan_v9_raw_val\v9_retention_summary.csv,102.11263612837855,2.0408934474072136,0.1568546555040399,val,,,,,,0.03,0.3,,,legacy,,,,,v9_raw,equal,
_archive_results_20260604\backtest_results_temporal_retention_20260531\h3h5h7_seed5591_test_legacy_t20t30\temporal_retention_summary.csv,43.98991956291667,2.040498242678952,0.1251339710632577,,,,,,,0.2,0.8,,,legacy,,,,,,equal,
_archive_results_20260604\backtest_results_temporal_retention_20260531\h3h5h7_longonly_test_market_dynamic_one\temporal_retention_summary.csv,32.8089514774913,2.038950275424449,0.0922842894391763,,,,,,,0.2,0.8,,,dynamic,,,,,,equal,
_archive_results_20260604\backtest_results_temporal_retention_20260531\h3h5h7_longonly_test_market_dynamic_hold90\temporal_retention_summary.csv,32.29235687707277,2.030319915345689,0.0938119102017699,,,,,,,0.2,0.9,,,dynamic,,,,,,equal,
_archive_results_20260604\backtest_results_temporal_retention_20260531\h3h5h7_seed5592_test_legacy_t20t30\temporal_retention_summary.csv,41.302333371234056,2.022766651605765,0.1178163945930752,,,,,,,0.2,0.8,,,legacy,,,,,,equal,
_archive_results_20260604\backtest_results_temporal_retention_20260531\h3h5h7_seed5591_test_extreme_hold\temporal_retention_summary.csv,54.301294245139765,2.00225382445281,0.1580182881948856,,,,,,,0.2,0.8,,,none,,,,,,equal,
backtest_results_topstable_epoch9_val_avgw3\v9_retention_summary.csv,89.76775790778946,1.9462683096753155,0.1931250579676212,val,,,,,,0.006,0.1,,,legacy,,,,,v9_raw_persistent_average_w3,equal,
backtest_results_v9_retention_20260531\topfocus_raw_val_legacy_target3_cost2x\v9_retention_summary.csv,94.09830879350618,1.9274578253024404,0.1595205631599628,val,,,,,,0.03,0.25,,,legacy,,,,,v9_raw,equal,
backtest_results_exp_legacy_bear40_test\execution_constraint_sweep_summary.csv,36.10544392658253,1.8269357121718104,0.0951638328446254,,,,,,1000000.0,0.006,0.1,,0.0,legacy,,3000000.0,0.05,,,,
backtest_results_exp_legacy_bear40_test\top_by_sharpe.csv,36.10544392658253,1.8269357121718104,0.0951638328446254,,,,,,1000000.0,0.006,0.1,,0.0,legacy,,3000000.0,0.05,,,,
backtest_results_test_plan_share_ledger_avgw3_test\execution_constraint_sweep_summary.csv,49.39285619891085,1.825438050920928,0.1345830483960577,,,,,,1000000.0,0.004,0.06,,0.0,legacy,,3000000.0,0.05,,,,
backtest_results_test_plan_share_ledger_avgw3_test\top_by_sharpe.csv,49.39285619891085,1.825438050920928,0.1345830483960577,,,,,,1000000.0,0.004,0.06,,0.0,legacy,,3000000.0,0.05,,,,
backtest_results_exp_legacy_bear40_val\execution_constraint_sweep_summary.csv,58.72294039809793,1.669265873518801,0.1226659924369304,,,,,,1000000.0,0.006,0.1,,0.0,legacy,,3000000.0,0.05,,,,
backtest_results_exp_legacy_bear40_val\top_by_sharpe.csv,58.72294039809793,1.669265873518801,0.1226659924369304,,,,,,1000000.0,0.006,0.1,,0.0,legacy,,3000000.0,0.05,,,,
backtest_results_exp_legacy_bear50_val\execution_constraint_sweep_summary.csv,57.65823733347351,1.6289603543498496,0.1343105602970644,,,,,,1000000.0,0.006,0.1,,0.0,legacy,,3000000.0,0.05,,,,
backtest_results_exp_legacy_bear50_val\top_by_sharpe.csv,57.65823733347351,1.6289603543498496,0.1343105602970644,,,,,,1000000.0,0.006,0.1,,0.0,legacy,,3000000.0,0.05,,,,
candidate_model_validation_20260614\candidate_validation_summary.csv,59.55837875315066,1.6247412948091071,0.1552243462277643,,frozen_v9,,base,maxret095,500000.0,0.006,0.1,,0.0,legacy,,,,0.2,,,
lag1_checkpoint_sweep_m0_20260616\candidate_validation_summary.csv,59.55837875315066,1.6247412948091071,0.1552243462277643,,frozen_v9,,base,maxret095,500000.0,0.006,0.1,,0.0,legacy,,,,0.2,,,
loss_ablation_portfolio_validation_20260614\candidate_validation_summary.csv,59.55837875315066,1.6247412948091071,0.1552243462277643,,frozen_v9,,base,maxret095,500000.0,0.006,0.1,,0.0,legacy,,,,0.2,,,
multi_loss_validation_20260614\portfolio\candidate_validation_summary.csv,59.55837875315066,1.6247412948091071,0.1552243462277643,,frozen_v9,,base,maxret095,500000.0,0.006,0.1,,0.0,legacy,,,,0.2,,,
backtest_results_exp_topic_pairwise_blend_80_val\ledger\execution_constraint_sweep_summary.csv,57.26544670704261,1.614919508061945,0.157695135982996,,,,,,500000.0,0.006,0.1,,0.0,legacy,,3000000.0,0.05,0.2,,,
backtest_results_exp_topic_pairwise_blend_80_val\ledger\top_by_sharpe.csv,57.26544670704261,1.614919508061945,0.157695135982996,,,,,,500000.0,0.006,0.1,,0.0,legacy,,3000000.0,0.05,0.2,,,
backtest_results_exp_blend_raw75_avg25_val\ledger\execution_constraint_sweep_summary.csv,60.75211126099956,1.6144537685760856,0.2172769844061472,,,,,,1000000.0,0.004,0.06,,0.0,legacy,,3000000.0,0.05,,,,
backtest_results_exp_blend_raw75_avg25_val\ledger\top_by_sharpe.csv,60.75211126099956,1.6144537685760856,0.2172769844061472,,,,,,1000000.0,0.004,0.06,,0.0,legacy,,3000000.0,0.05,,,,
backtest_results_exp_rebalance_band_val\execution_constraint_sweep_summary.csv,58.975929357128855,1.598253260184895,0.1513370608619545,,,,,,1000000.0,0.006,0.1,,0.0,legacy,,3000000.0,0.05,0.1,,,
backtest_results_exp_rebalance_band_val\top_by_sharpe.csv,58.975929357128855,1.598253260184895,0.1513370608619545,,,,,,1000000.0,0.006,0.1,,0.0,legacy,,3000000.0,0.05,0.1,,,
backtest_results_exp_band20_mintrade_val\execution_constraint_sweep_summary.csv,58.805272036261,1.598177513169787,0.1546072455442367,,,,,,1000000.0,0.006,0.1,,0.0,legacy,,3000000.0,0.05,0.2,,,
backtest_results_exp_band20_mintrade_val\top_by_sharpe.csv,58.805272036261,1.598177513169787,0.1546072455442367,,,,,,1000000.0,0.006,0.1,,0.0,legacy,,3000000.0,0.05,0.2,,,
backtest_results_exp_consensus_geo_val\ledger\execution_constraint_sweep_summary.csv,56.66279171258826,1.597841192995825,0.1821840607218859,,,,,,1000000.0,0.01,0.06,,0.0,legacy,,3000000.0,0.05,,,,
backtest_results_exp_consensus_geo_val\ledger\top_by_sharpe.csv,56.66279171258826,1.597841192995825,0.1821840607218859,,,,,,1000000.0,0.01,0.06,,0.0,legacy,,3000000.0,0.05,,,,
backtest_results_exp_band20_ranktilt_val\execution_constraint_sweep_summary.csv,58.8274466714839,1.597317081198393,0.1547681748688182,,,,,,1000000.0,0.006,0.1,,0.0,legacy,,3000000.0,0.05,0.2,,,
backtest_results_exp_band20_ranktilt_val\top_by_sharpe.csv,58.8274466714839,1.597317081198393,0.1547681748688182,,,,,,1000000.0,0.006,0.1,,0.0,legacy,,3000000.0,0.05,0.2,,,
backtest_results_exp_band20_volpen_val\execution_constraint_sweep_summary.csv,58.8274466714839,1.597317081198393,0.1547681748688182,,,,,,1000000.0,0.006,0.1,,0.0,legacy,,3000000.0,0.05,0.2,,,
backtest_results_exp_band20_volpen_val\top_by_sharpe.csv,58.8274466714839,1.597317081198393,0.1547681748688182,,,,,,1000000.0,0.006,0.1,,0.0,legacy,,3000000.0,0.05,0.2,,,
backtest_results_exp_legacy_bear60_val\execution_constraint_sweep_summary.csv,57.26251728559464,1.5926910256133648,0.1463221563029464,,,,,,1000000.0,0.006,0.1,,0.0,legacy,,3000000.0,0.05,,,,
backtest_results_exp_legacy_bear60_val\top_by_sharpe.csv,57.26251728559464,1.5926910256133648,0.1463221563029464,,,,,,1000000.0,0.006,0.1,,0.0,legacy,,3000000.0,0.05,,,,
backtest_results_exp_pairwise_w001_avgw3_val\v9_retention_summary.csv,73.18461466158594,1.5882211091539449,0.1673320809433151,val,,,,,,0.006,0.1,,,legacy,,,,,v9_raw_persistent_average_w3,equal,
backtest_results_exp_topic_pairwise_blend_70_val\ledger\execution_constraint_sweep_summary.csv,57.15366330416829,1.587208288516604,0.1468805609643804,,,,,,500000.0,0.006,0.1,,0.0,legacy,,3000000.0,0.05,0.2,,,
backtest_results_exp_topic_pairwise_blend_70_val\ledger\top_by_sharpe.csv,57.15366330416829,1.587208288516604,0.1468805609643804,,,,,,500000.0,0.006,0.1,,0.0,legacy,,3000000.0,0.05,0.2,,,
backtest_results_v9_retention_20260531\topfocus_avgw3_val_legacy_finegrid\v9_retention_summary.csv,64.11805978591715,1.5842416696451131,0.1662201587515846,val,,,,,,0.03,0.25,,,legacy,,,,,v9_raw_persistent_average_w3,equal,
backtest_results_exp_band20_rankshrink_val\execution_constraint_sweep_summary.csv,58.21935484679468,1.5826998557502014,0.1558585815155992,,,,,,500000.0,0.006,0.1,,0.0,legacy,,3000000.0,0.05,0.2,,,
backtest_results_exp_band20_rankshrink_val\top_by_sharpe.csv,58.21935484679468,1.5826998557502014,0.1558585815155992,,,,,,500000.0,0.006,0.1,,0.0,legacy,,3000000.0,0.05,0.2,,,
backtest_results_exp_base_avgw3_val\v9_retention_summary.csv,67.25269166357013,1.5805718177749857,0.2033114362259219,val,,,,,,0.006,0.1,,,legacy,,,,,v9_raw_persistent_average_w3,equal,
backtest_results_test_plan_v9_avgw3_val\v9_retention_summary.csv,62.94697745117603,1.5782207145587472,0.1538762897865639,val,,,,,,0.03,0.3,,,legacy,,,,,v9_raw_persistent_average_w3,equal,
backtest_results_exp_topic_pairwise_blend_90_val\ledger\execution_constraint_sweep_summary.csv,55.643116164256746,1.5779830464971694,0.1600599036583646,,,,,,500000.0,0.006,0.1,,0.0,legacy,,3000000.0,0.05,0.2,,,
backtest_results_exp_topic_pairwise_blend_90_val\ledger\top_by_sharpe.csv,55.643116164256746,1.5779830464971694,0.1600599036583646,,,,,,500000.0,0.006,0.1,,0.0,legacy,,3000000.0,0.05,0.2,,,
backtest_results_exp_ablate_fundamental_avgw3_val\v9_retention_summary.csv,68.30910688432583,1.5687477873527682,0.1823254137174347,val,,,,,,0.006,0.1,,,legacy,,,,,v9_raw_persistent_average_w3,equal,
backtest_results_exp_blend_raw50_avg50_val\ledger\execution_constraint_sweep_summary.csv,55.18793177488466,1.568474927934477,0.1848487086581796,,,,,,1000000.0,0.01,0.06,,0.0,legacy,,3000000.0,0.05,,,,
backtest_results_exp_blend_raw50_avg50_val\ledger\top_by_sharpe.csv,55.18793177488466,1.568474927934477,0.1848487086581796,,,,,,1000000.0,0.01,0.06,,0.0,legacy,,3000000.0,0.05,,,,
backtest_results_exp_consensus_min_val\ledger\execution_constraint_sweep_summary.csv,57.51901364264711,1.5655471681485125,0.236988797819494,,,,,,1000000.0,0.006,0.06,,0.0,legacy,,3000000.0,0.05,,,,
backtest_results_exp_consensus_min_val\ledger\top_by_sharpe.csv,57.51901364264711,1.5655471681485125,0.236988797819494,,,,,,1000000.0,0.006,0.06,,0.0,legacy,,3000000.0,0.05,,,,
backtest_results_test_plan_share_ledger_candidate_sweep_val\execution_constraint_sweep_summary.csv,56.38565940897129,1.5434505632742894,0.1569216507799539,,,,,,1000000.0,0.006,0.1,,0.0,legacy,,3000000.0,0.05,,,,
backtest_results_test_plan_share_ledger_candidate_sweep_val\top_by_sharpe.csv,56.38565940897129,1.5434505632742894,0.1569216507799539,,,,,,1000000.0,0.006,0.1,,0.0,legacy,,3000000.0,0.05,,,,
reranker_validation_20260615\regression_v3\summary.csv,54.12908080427818,1.5422226314321907,0.1557940217199017,,regression_v3,,base,,1000000.0,0.006,0.1,,0.0,legacy,,,,0.2,,,
reranker_validation_20260615\meta_gate_v41\summary.csv,55.842988549303584,1.5384330502542574,0.1556117940263464,,v41,,base,,1000000.0,0.006,0.1,,0.0,legacy,,,,0.2,,,
backtest_results_exp_market_dynamic_val\execution_constraint_sweep_summary.csv,44.67559704464341,1.5022189897600873,0.1116589376200821,,,,,,1000000.0,0.006,0.1,,0.0,dynamic,,3000000.0,0.05,,,,
backtest_results_exp_market_dynamic_val\top_by_sharpe.csv,44.67559704464341,1.5022189897600873,0.1116589376200821,,,,,,1000000.0,0.006,0.1,,0.0,dynamic,,3000000.0,0.05,,,,
backtest_results_test_plan_share_ledger_avgw3_val\execution_constraint_sweep_summary.csv,54.174039575600496,1.4973179829924583,0.1786304771576831,,,,,,1000000.0,0.004,0.06,,0.0,legacy,,3000000.0,0.05,,,,
backtest_results_test_plan_share_ledger_avgw3_val\top_by_sharpe.csv,54.174039575600496,1.4973179829924583,0.1786304771576831,,,,,,1000000.0,0.004,0.06,,0.0,legacy,,3000000.0,0.05,,,,
backtest_results_exp_blend_raw25_avg75_val\ledger\execution_constraint_sweep_summary.csv,51.83734146992314,1.4905804427828548,0.189834378078263,,,,,,1000000.0,0.01,0.06,,0.0,legacy,,3000000.0,0.05,,,,
backtest_results_exp_blend_raw25_avg75_val\ledger\top_by_sharpe.csv,51.83734146992314,1.4905804427828548,0.189834378078263,,,,,,1000000.0,0.01,0.06,,0.0,legacy,,3000000.0,0.05,,,,
backtest_results_exp_market_dynamic_min35_val\execution_constraint_sweep_summary.csv,46.32642100484416,1.4886078147227026,0.1267840520293681,,,,,,1000000.0,0.006,0.1,,0.0,dynamic,,3000000.0,0.05,,,,
backtest_results_exp_market_dynamic_min35_val\top_by_sharpe.csv,46.32642100484416,1.4886078147227026,0.1267840520293681,,,,,,1000000.0,0.006,0.1,,0.0,dynamic,,3000000.0,0.05,,,,
backtest_results_exp_rank_smooth_w3_val\ledger\execution_constraint_sweep_summary.csv,52.83690381720807,1.485938310249308,0.154569197522911,,,,,,1000000.0,0.006,0.1,,0.0,legacy,,3000000.0,0.05,0.2,,,
backtest_results_exp_rank_smooth_w3_val\ledger\top_by_sharpe.csv,52.83690381720807,1.485938310249308,0.154569197522911,,,,,,1000000.0,0.006,0.1,,0.0,legacy,,3000000.0,0.05,0.2,,,
backtest_results_exp_legacy_bear80_val\execution_constraint_sweep_summary.csv,54.734266009122855,1.4783281809356477,0.1683747235784558,,,,,,1000000.0,0.006,0.1,,0.0,legacy,,3000000.0,0.05,,,,
backtest_results_exp_legacy_bear80_val\top_by_sharpe.csv,54.734266009122855,1.4783281809356477,0.1683747235784558,,,,,,1000000.0,0.006,0.1,,0.0,legacy,,3000000.0,0.05,,,,
backtest_results_exp_pairwise_w001_band20_val\execution_constraint_sweep_summary.csv,54.1915667942873,1.4689632590062298,0.1649580567840748,,,,,,1000000.0,0.006,0.1,,0.0,legacy,,3000000.0,0.05,0.2,,,
backtest_results_exp_pairwise_w001_band20_val\top_by_sharpe.csv,54.1915667942873,1.4689632590062298,0.1649580567840748,,,,,,1000000.0,0.006,0.1,,0.0,legacy,,3000000.0,0.05,0.2,,,
backtest_results_exp_rank_smooth_w4_val\ledger\execution_constraint_sweep_summary.csv,50.24861120469573,1.4641548178088544,0.1581555484737408,,,,,,500000.0,0.006,0.1,,0.0,legacy,,3000000.0,0.05,0.2,,,
backtest_results_exp_rank_smooth_w4_val\ledger\top_by_sharpe.csv,50.24861120469573,1.4641548178088544,0.1581555484737408,,,,,,500000.0,0.006,0.1,,0.0,legacy,,3000000.0,0.05,0.2,,,
backtest_results_v9_retention_20260531\topfocus_avgw3_val_legacy_finegrid_cost2x\v9_retention_summary.csv,56.264066858884455,1.4578408113334562,0.1642640583108025,val,,,,,,0.03,0.3,,,legacy,,,,,v9_raw_persistent_average_w3,equal,
backtest_results_exp_market_dynamic_min50_val\execution_constraint_sweep_summary.csv,47.144037377354685,1.4080834071737764,0.1590249040540508,,,,,,1000000.0,0.006,0.1,,0.0,dynamic,,3000000.0,0.05,,,,
backtest_results_exp_market_dynamic_min50_val\top_by_sharpe.csv,47.144037377354685,1.4080834071737764,0.1590249040540508,,,,,,1000000.0,0.006,0.1,,0.0,dynamic,,3000000.0,0.05,,,,
backtest_results_exp_rebalance_band20_stress_2x\execution_constraint_sweep_summary.csv,48.87773361659915,1.395498471978322,0.1694626935063582,,,,,,1000000.0,0.006,0.1,,0.0,legacy,,3000000.0,0.05,0.2,,,
backtest_results_exp_rebalance_band20_stress_2x\top_by_sharpe.csv,48.87773361659915,1.395498471978322,0.1694626935063582,,,,,,1000000.0,0.006,0.1,,0.0,legacy,,3000000.0,0.05,0.2,,,
backtest_results_exp_rebalance_band10_pv1m_stress_2x\execution_constraint_sweep_summary.csv,48.404050333710224,1.3845875279561402,0.1681183783998225,,,,,,1000000.0,0.006,0.1,,0.0,legacy,,3000000.0,0.05,0.1,,,
backtest_results_exp_rebalance_band10_pv1m_stress_2x\top_by_sharpe.csv,48.404050333710224,1.3845875279561402,0.1681183783998225,,,,,,1000000.0,0.006,0.1,,0.0,legacy,,3000000.0,0.05,0.1,,,
backtest_results_exp_rank_smooth_w2_val\ledger\execution_constraint_sweep_summary.csv,47.14468077543115,1.3753674125218376,0.160313127027152,,,,,,1000000.0,0.006,0.1,,0.0,legacy,,3000000.0,0.05,0.2,,,
backtest_results_exp_rank_smooth_w2_val\ledger\top_by_sharpe.csv,47.14468077543115,1.3753674125218376,0.160313127027152,,,,,,1000000.0,0.006,0.1,,0.0,legacy,,3000000.0,0.05,0.2,,,
reranker_validation_20260615\conservative_v1\summary.csv,48.60859751133626,1.3652968274115296,0.1746863477548478,,k3_m0w075,,base,,1000000.0,0.006,0.1,,0.0,legacy,,,,0.2,,,
reranker_validation_20260615\gated_v4\summary.csv,47.08539729865129,1.3555003461388593,0.1733456018622109,,gated_v4,,base,,500000.0,0.006,0.1,,0.0,legacy,,,,0.2,,,
backtest_results_exp_rank_smooth_w5_val\ledger\execution_constraint_sweep_summary.csv,45.855512527681874,1.3481381168893802,0.1740024768758578,,,,,,500000.0,0.006,0.1,,0.0,legacy,,3000000.0,0.05,0.2,,,
backtest_results_exp_rank_smooth_w5_val\ledger\top_by_sharpe.csv,45.855512527681874,1.3481381168893802,0.1740024768758578,,,,,,500000.0,0.006,0.1,,0.0,legacy,,3000000.0,0.05,0.2,,,
backtest_results_test_plan_share_ledger_smoke\execution_constrained_summary.csv,50.87899851749456,1.3452428555701887,0.2093676195521398,,,,,,500000.0,0.004,0.06,,0.0,legacy,,3000000.0,0.05,,,,
reranker_validation_20260615\reranker_validation_summary.csv,45.727887762318375,1.3265359290103005,0.1741407055507812,,m0w100,,base,maxret095,500000.0,0.006,0.1,,0.0,legacy,,,,0.2,,,
reranker_validation_20260615\regression_v2\summary.csv,46.65397835988279,1.324690192539633,0.1758451286702705,,regression_v2,,base,,1000000.0,0.006,0.1,,0.0,legacy,,,,0.2,,,
backtest_results_exp_topret_avgw3_val\v9_retention_summary.csv,58.02918715641989,1.3147365941079456,0.2601698576659898,val,,,,,,0.006,0.1,,,legacy,,,,,v9_raw_persistent_average_w3,equal,
backtest_results_exp_market_dynamic_min65_val\execution_constraint_sweep_summary.csv,46.845053246640056,1.3136336431182714,0.2032232343433493,,,,,,1000000.0,0.006,0.1,,0.0,dynamic,,3000000.0,0.05,,,,
backtest_results_exp_market_dynamic_min65_val\top_by_sharpe.csv,46.845053246640056,1.3136336431182714,0.2032232343433493,,,,,,1000000.0,0.006,0.1,,0.0,dynamic,,3000000.0,0.05,,,,
backtest_results_exp_blend_raw75_avg25_hold100_stress_2x\execution_constraint_sweep_summary.csv,44.8296790930315,1.30208360668139,0.252999937564552,,,,,,1000000.0,0.004,0.1,,0.0,legacy,,3000000.0,0.05,,,,
backtest_results_exp_blend_raw75_avg25_hold100_stress_2x\top_by_sharpe.csv,44.8296790930315,1.30208360668139,0.252999937564552,,,,,,1000000.0,0.004,0.1,,0.0,legacy,,3000000.0,0.05,,,,
backtest_results_v9_retention_20260531\topfocus_avgw3_val_legacy_widegrid\v9_retention_summary.csv,45.454860114509565,1.3019604182164817,0.1492580837647298,val,,,,,,0.1,0.5,,,legacy,,,,,v9_raw_persistent_average_w3,equal,
backtest_results_test_plan_share_ledger_primary_stress_2x\execution_constraint_sweep_summary.csv,44.407330039501616,1.2980764596967134,0.176300189690554,,,,,,1000000.0,0.006,0.1,,0.0,legacy,,3000000.0,0.05,,,,
backtest_results_test_plan_share_ledger_primary_stress_2x\top_by_sharpe.csv,44.407330039501616,1.2980764596967134,0.176300189690554,,,,,,1000000.0,0.006,0.1,,0.0,legacy,,3000000.0,0.05,,,,
downside_topfocus_validation_20260616\candidate_validation_summary.csv,44.32812459469084,1.2774454793432015,0.1738699472334804,,d003_t001_e6,,base,maxret095,1000000.0,0.006,0.1,,0.0,legacy,,,,0.2,,,
backtest_results_exp_blend_raw75_avg25_stress_2x\execution_constraint_sweep_summary.csv,43.79331796866892,1.2734347352701083,0.244556243601362,,,,,,1000000.0,0.004,0.06,,0.0,legacy,,3000000.0,0.05,,,,
backtest_results_exp_blend_raw75_avg25_stress_2x\top_by_sharpe.csv,43.79331796866892,1.2734347352701083,0.244556243601362,,,,,,1000000.0,0.004,0.06,,0.0,legacy,,3000000.0,0.05,,,,
backtest_results_exp_ablate_fundamental_share_ledger_val\execution_constraint_sweep_summary.csv,42.325717867172365,1.2647435749381302,0.1916930259914189,,,,,,500000.0,0.004,0.06,,0.0,legacy,,3000000.0,0.05,,,,
backtest_results_exp_ablate_fundamental_share_ledger_val\top_by_sharpe.csv,42.325717867172365,1.2647435749381302,0.1916930259914189,,,,,,500000.0,0.004,0.06,,0.0,legacy,,3000000.0,0.05,,,,
m0_topfocus_validation_20260614\portfolio\candidate_validation_summary.csv,42.173457965895935,1.2518552005237569,0.1700195791239286,,m1_nomulti_topfocus_w005_e6,,base,maxret095,500000.0,0.006,0.1,,0.0,legacy,,,,0.2,,,
backtest_results_v9_retention_20260531\avgw3_val_execution_sensitivity_20260531\execution_constraint_sweep_summary.csv,43.92146626872106,1.2459060341696615,0.1632940258182409,,,,,,100000000.0,0.03,0.3,,,legacy,,20000000.0,0.03,,,,
backtest_results_v9_retention_20260531\avgw3_val_execution_sensitivity_20260531\top_by_sharpe.csv,43.92146626872106,1.2459060341696615,0.1632940258182409,,,,,,100000000.0,0.03,0.3,,,legacy,,20000000.0,0.03,,,,
backtest_results_v9_retention_20260531\avgw3_val_target3_execution_cap5_adv20m_holdgrid\execution_constrained_summary.csv,43.96798836698612,1.245796858175405,0.1623587040711468,,,,,,100000000.0,0.03,0.3,,,legacy,,20000000.0,0.05,,,,
backtest_results_test_plan_share_ledger_stress_2x\execution_constraint_sweep_summary.csv,41.355917976956704,1.2295335272608148,0.2013671335913993,,,,,,1000000.0,0.004,0.06,,0.0,legacy,,3000000.0,0.05,,,,
backtest_results_test_plan_share_ledger_stress_2x\top_by_sharpe.csv,41.355917976956704,1.2295335272608148,0.2013671335913993,,,,,,1000000.0,0.004,0.06,,0.0,legacy,,3000000.0,0.05,,,,
backtest_results_v9_retention_20260531\raw_val_target3_execution_cap5_adv20m\execution_constrained_summary.csv,42.82755523813686,1.2259244689962818,0.1607751916741093,,,,,,100000000.0,0.03,0.4,,,legacy,,20000000.0,0.05,,,,
backtest_results_v9_retention_20260531\raw_val_target3_execution_cap5_adv20m_holdgrid\execution_constrained_summary.csv,42.82755523813686,1.2259244689962818,0.1607751916741093,,,,,,100000000.0,0.03,0.4,,,legacy,,20000000.0,0.05,,,,
backtest_results_v9_retention_20260531\topfocus_compositew3_val_legacy_target3\v9_retention_summary.csv,47.38801059907731,1.2202504990329337,0.1578423371593486,val,,,,,,0.03,0.4,,,legacy,,,,,v9_raw_persistent_composite_w3,equal,
backtest_results_test_plan_small_account_avgw3_val\execution_constraint_sweep_summary.csv,41.82919944825294,1.2107809031955896,0.167721337666782,,,,,,500000.0,0.03,0.3,,0.0,legacy,,3000000.0,0.05,,,,
backtest_results_test_plan_small_account_avgw3_val\top_by_sharpe.csv,41.82919944825294,1.2107809031955896,0.167721337666782,,,,,,500000.0,0.03,0.3,,0.0,legacy,,3000000.0,0.05,,,,
backtest_results_test_plan_small_account_raw_val\execution_constraint_sweep_summary.csv,41.7069891035448,1.203703321249392,0.1605591722343451,,,,,,500000.0,0.03,0.3,,0.0,legacy,,3000000.0,0.05,,,,
backtest_results_test_plan_small_account_raw_val\top_by_sharpe.csv,41.7069891035448,1.203703321249392,0.1605591722343451,,,,,,500000.0,0.03,0.3,,0.0,legacy,,3000000.0,0.05,,,,
backtest_results_exp_rebalance_band20_stress_3x\execution_constraint_sweep_summary.csv,39.01287392224268,1.183245333938983,0.1862845537287239,,,,,,1000000.0,0.006,0.1,,0.0,legacy,,3000000.0,0.05,0.2,,,
backtest_results_exp_rebalance_band20_stress_3x\top_by_sharpe.csv,39.01287392224268,1.183245333938983,0.1862845537287239,,,,,,1000000.0,0.006,0.1,,0.0,legacy,,3000000.0,0.05,0.2,,,
backtest_results_v9_retention_20260531\avgw3_val_target3_execution_cap5_adv20m\execution_constrained_summary.csv,40.38413133124021,1.1709385647861343,0.1754626501452051,,,,,,100000000.0,0.03,0.25,,,legacy,,20000000.0,0.05,,,,
backtest_results_exp_rebalance_band10_pv1m_stress_3x\execution_constraint_sweep_summary.csv,38.08158571882794,1.1615488003184322,0.1853090362516337,,,,,,1000000.0,0.006,0.1,,0.0,legacy,,3000000.0,0.05,0.1,,,
backtest_results_exp_rebalance_band10_pv1m_stress_3x\top_by_sharpe.csv,38.08158571882794,1.1615488003184322,0.1853090362516337,,,,,,1000000.0,0.006,0.1,,0.0,legacy,,3000000.0,0.05,0.1,,,
backtest_results_exp_market_none_val\execution_constraint_sweep_summary.csv,46.47608670776973,1.1383315187273486,0.3015188755697501,,,,,,1000000.0,0.006,0.1,,0.0,none,,3000000.0,0.05,,,,
backtest_results_exp_market_none_val\top_by_sharpe.csv,46.47608670776973,1.1383315187273486,0.3015188755697501,,,,,,1000000.0,0.006,0.1,,0.0,none,,3000000.0,0.05,,,,
backtest_results_v9_retention_20260531\avgw3_val_target3_execution_cap5_adv20m_hold3040_cost2x\execution_constrained_summary.csv,38.24558281626813,1.1261259146754914,0.1724565375434041,,,,,,100000000.0,0.03,0.3,,,legacy,,20000000.0,0.05,,,,
backtest_results_v9_retention_20260531\topfocus_avgw3_val_legacy\v9_retention_summary.csv,34.00816079836198,1.0880718282397135,0.1499455897421459,val,,,,,,0.3,0.8,,,legacy,,,,,v9_raw_persistent_average_w3,equal,
backtest_results_temporal_retention_20260604_v10_v9warm_toploss\temporal_retention_summary.csv,34.37846103324122,1.0872719647072535,0.1671527477618197,,,,,,,0.03,0.4,,,legacy,,,,,,equal,
backtest_results_exp_rebalance_band20_stress_lag1\execution_constraint_sweep_summary.csv,34.11847666355037,1.0827667094642508,0.1578077772161154,,,,,,500000.0,0.006,0.1,,1.0,legacy,,3000000.0,0.05,0.2,,,
backtest_results_exp_rebalance_band20_stress_lag1\top_by_sharpe.csv,34.11847666355037,1.0827667094642508,0.1578077772161154,,,,,,500000.0,0.006,0.1,,1.0,legacy,,3000000.0,0.05,0.2,,,
backtest_results_test_plan_share_ledger_primary_stress_3x\execution_constraint_sweep_summary.csv,33.00278749279579,1.0443112035007256,0.1962618657722821,,,,,,1000000.0,0.006,0.1,,0.0,legacy,,3000000.0,0.05,,,,
backtest_results_test_plan_share_ledger_primary_stress_3x\top_by_sharpe.csv,33.00278749279579,1.0443112035007256,0.1962618657722821,,,,,,1000000.0,0.006,0.1,,0.0,legacy,,3000000.0,0.05,,,,
backtest_results_v9_retention_20260531\avgw3_val_targetfine_open_to_open_exec1m_cap5_min20_market_dynamic\open_execution_summary.csv,32.42950554228214,1.0436920740316944,0.1568897905457921,,,,,,1000000.0,0.035,0.6,open_to_open,0.0,dynamic,,20000000.0,0.05,,,,
backtest_results_v9_retention_20260531\v9v10_rankens_val_w75_25_exec100m_cap5_min20\execution_constrained_summary.csv,34.32874322489232,1.0301292234374453,0.1805336557692335,,,,,,100000000.0,0.03,0.4,,,legacy,,20000000.0,0.05,,,,
backtest_results_v9_retention_20260531\avgw3_val_targetfine_open_to_open_exec1m_cap5_min20_market_dynamic_min0p30\open_execution_summary.csv,32.67054105141649,1.0297663690018664,0.1611881422626759,,,,,,1000000.0,0.035,0.6,open_to_open,0.0,dynamic,,20000000.0,0.05,,,,
backtest_results_exp_rebalance_band10_pv1m_stress_lag1\execution_constraint_sweep_summary.csv,32.2896035283067,1.0273975736627643,0.1644655424318465,,,,,,1000000.0,0.006,0.1,,1.0,legacy,,3000000.0,0.05,0.1,,,
backtest_results_exp_rebalance_band10_pv1m_stress_lag1\top_by_sharpe.csv,32.2896035283067,1.0273975736627643,0.1644655424318465,,,,,,1000000.0,0.006,0.1,,1.0,legacy,,3000000.0,0.05,0.1,,,
backtest_results_v9_retention_20260531\avgw3_val_targetfine_open_to_open_exec1m_cap5_min20\open_execution_summary.csv,36.64967653824569,1.0241669619481375,0.2020799197507218,,,,,,1000000.0,0.035,0.6,open_to_open,0.0,legacy,,20000000.0,0.05,,,,
_archive_results_20260604\backtest_results_temporal_retention_20260531\h3h5h7_seed5590_5591_rankens_val_legacy\temporal_retention_summary.csv,33.97396478226771,1.0117072528379436,0.1735750513666152,,,,,,,0.2,0.8,,,legacy,,,,,,equal,
_archive_results_20260604\backtest_results_temporal_retention_20260531\h3h5h7_seed5591_val_legacy_t20t30\temporal_retention_summary.csv,32.3759546978047,1.004498478623068,0.1631747048428832,,,,,,,0.3,0.8,,,legacy,,,,,,equal,
backtest_results_test_plan_fixed_names_avgw3_val\execution_constraint_sweep_summary.csv,34.852386260511125,1.00387646157573,0.1633925305952363,,,,,,1000000.0,0.004,0.06,,0.0,legacy,,3000000.0,0.05,,,,
backtest_results_test_plan_fixed_names_avgw3_val\top_by_sharpe.csv,34.852386260511125,1.00387646157573,0.1633925305952363,,,,,,1000000.0,0.004,0.06,,0.0,legacy,,3000000.0,0.05,,,,
backtest_results_v9_retention_20260531\avgw3_val_target3_open_to_open_exec1m_cap5_min20_holdfine_mw0p03\open_execution_summary.csv,35.639309891621295,1.00147444470071,0.2110951011319165,,,,,,1000000.0,0.03,0.6,open_to_open,0.0,legacy,,20000000.0,0.05,,,,
backtest_results_v9_retention_20260531\avgw3_val_target3_open_to_open_exec1m_cap5_min20_holdfine_mw0p04\open_execution_summary.csv,35.639309891621295,1.00147444470071,0.2110951011319165,,,,,,1000000.0,0.03,0.6,open_to_open,0.0,legacy,,20000000.0,0.05,,,,
backtest_results_v9_retention_20260531\avgw3_val_target3_open_to_open_exec1m_cap5_min20_holdfine_mw0p05\open_execution_summary.csv,35.639309891621295,1.00147444470071,0.2110951011319165,,,,,,1000000.0,0.03,0.6,open_to_open,0.0,legacy,,20000000.0,0.05,,,,
backtest_results_test_plan_share_ledger_primary_stress_lag1\execution_constraint_sweep_summary.csv,30.87072986098405,0.9914734854340796,0.1672073819501756,,,,,,1000000.0,0.006,0.1,,1.0,legacy,,3000000.0,0.05,,,,
backtest_results_test_plan_share_ledger_primary_stress_lag1\top_by_sharpe.csv,30.87072986098405,0.9914734854340796,0.1672073819501756,,,,,,1000000.0,0.006,0.1,,1.0,legacy,,3000000.0,0.05,,,,
_archive_results_20260604\backtest_results_temporal_retention_20260531\h3h5h7_longonly_val_market_legacy_t30h80\temporal_retention_summary.csv,32.65292257361387,0.991358482898356,0.167256263899736,,,,,,,0.3,0.8,,,legacy,,,,,,equal,
backtest_results_v9_retention_20260531\avgw3_val_target3_open_to_open_exec100m_cap5_min20\open_execution_summary.csv,35.46179729221337,0.9892816311779966,0.2043638272733063,,,,,,100000000.0,0.03,0.5,open_to_open,0.0,legacy,,20000000.0,0.05,,,,
backtest_results_v9_retention_20260531\avgw3_val_target3_open_to_open_exec1m_cap5_min20\open_execution_summary.csv,35.46179729221337,0.9892816311779966,0.2043638272733063,,,,,,1000000.0,0.03,0.5,open_to_open,0.0,legacy,,20000000.0,0.05,,,,
backtest_results_v9_retention_20260531\avgw3_val_target3_open_to_open_exec1m_cap5_min20_rerun\open_execution_summary.csv,35.46179729221337,0.9892816311779966,0.2043638272733063,,,,,,1000000.0,0.03,0.5,open_to_open,0.0,legacy,,20000000.0,0.05,,,,
backtest_results_v9_retention_20260531\avgw3_val_target3_open_to_close_exec1m_cap5_min20\open_execution_summary.csv,29.05169957793987,0.9737431916908303,0.1574016429135884,,,,,,1000000.0,0.03,0.3,open_to_close,0.0,legacy,,20000000.0,0.05,,,,
backtest_results_v9_retention_20260531\avgw3_val_targetfine_open_to_open_exec1m_cap5_min20_market_dynamic_min0p40\open_execution_summary.csv,31.25590405246532,0.9725800093490816,0.1698219040911092,,,,,,1000000.0,0.035,0.6,open_to_open,0.0,dynamic,,20000000.0,0.05,,,,
_archive_results_20260604\backtest_results_temporal_retention_20260531\h3h5h7_longonly_val_market_legacy_one\temporal_retention_summary.csv,32.72039742013819,0.9725705583616696,0.173885411455439,,,,,,,0.2,0.8,,,legacy,,,,,,equal,
backtest_results_exp_blend_raw75_avg25_hold100_stress_3x\execution_constraint_sweep_summary.csv,30.03990827025657,0.9706985548040784,0.2800695082728474,,,,,,1000000.0,0.004,0.1,,0.0,legacy,,3000000.0,0.05,,,,
backtest_results_exp_blend_raw75_avg25_hold100_stress_3x\top_by_sharpe.csv,30.03990827025657,0.9706985548040784,0.2800695082728474,,,,,,1000000.0,0.004,0.1,,0.0,legacy,,3000000.0,0.05,,,,
_archive_results_20260604\backtest_results_temporal_retention_20260531\h3h5h7_seed5592_val_legacy_t20t30\temporal_retention_summary.csv,29.65548712100852,0.9673159994466896,0.1617772840914616,,,,,,,0.3,0.8,,,legacy,,,,,,equal,
backtest_results_test_plan_share_ledger_stress_3x\execution_constraint_sweep_summary.csv,29.509480728743533,0.959813482147763,0.2210333222439323,,,,,,1000000.0,0.004,0.06,,0.0,legacy,,3000000.0,0.05,,,,
backtest_results_test_plan_share_ledger_stress_3x\top_by_sharpe.csv,29.509480728743533,0.959813482147763,0.2210333222439323,,,,,,1000000.0,0.004,0.06,,0.0,legacy,,3000000.0,0.05,,,,
_archive_results_20260604\backtest_results_temporal_retention_20260531\h3h5h7_longonly_val_market_dynamic_t30h80\temporal_retention_summary.csv,26.56820921316143,0.9546559841624588,0.1378198118511689,,,,,,,0.3,0.8,,,dynamic,,,,,,equal,
_archive_results_20260604\backtest_results_temporal_retention_20260531\h3h5h7_longonly_val_market_legacy_hold90\temporal_retention_summary.csv,31.300888078063814,0.9481430707021504,0.1758682613952322,,,,,,,0.2,0.9,,,legacy,,,,,,equal,
_archive_results_20260604\backtest_results_temporal_retention_20260531\h3h5h7_longonly_val_market_dynamic_one\temporal_retention_summary.csv,26.85227486009758,0.9416841318571112,0.1399412237898399,,,,,,,0.2,0.8,,,dynamic,,,,,,equal,
backtest_results_v9_retention_20260531\avgw3_val_target3_open_to_open_exec1m_cap5_min10\open_execution_summary.csv,32.808147655544914,0.938471774595056,0.2111843547425416,,,,,,1000000.0,0.03,0.5,open_to_open,0.0,legacy,,10000000.0,0.05,,,,
backtest_results_v9_retention_20260531\final_dynamic_min0p20_val_target3_hold50_open_to_open_exec1m_2xcost\open_execution_summary.csv,28.579622551097337,0.9364089568704697,0.1627028126709649,,,,,,1000000.0,0.03,0.5,open_to_open,0.0,dynamic,,20000000.0,0.05,,,,
backtest_results_v9_retention_20260531\avgw3_val_target3_execution_cap5_min20_lag1_hold50\execution_constrained_summary.csv,28.913226647989564,0.9353587413350876,0.1775497078382646,,,,,,100000000.0,0.03,0.5,,1.0,legacy,,20000000.0,0.05,,,,
backtest_results_v9_retention_20260531\avgw3_val_target3_open_to_open_exec1m_cap5_min50\open_execution_summary.csv,32.325068542697856,0.931406422392903,0.2252891480777893,,,,,,1000000.0,0.03,0.5,open_to_open,0.0,legacy,,50000000.0,0.05,,,,
backtest_results_v9_retention_20260531\avgw3_val_target3_execution_cap5_min20_lag1\execution_constrained_summary.csv,28.85747796968896,0.92806451465674,0.1764801154890035,,,,,,100000000.0,0.03,0.3,,1.0,legacy,,20000000.0,0.05,,,,
backtest_results_v9_retention_20260531\v9v10_rankens_val_w50_50_exec100m_cap5_min20\execution_constrained_summary.csv,30.34303984163005,0.9274967051142264,0.1951550074860106,,,,,,100000000.0,0.03,0.4,,,legacy,,20000000.0,0.05,,,,
backtest_results_v9_retention_20260531\final_dynamic_min0p30_val_target3_hold50_open_to_open_exec1m_2xcost\open_execution_summary.csv,28.70534918097372,0.923108810838652,0.1693462905378212,,,,,,1000000.0,0.03,0.5,open_to_open,0.0,dynamic,,20000000.0,0.05,,,,
backtest_results_exp_blend_raw75_avg25_stress_3x\execution_constraint_sweep_summary.csv,28.19880697228665,0.922262216991578,0.2704056044478055,,,,,,1000000.0,0.004,0.06,,0.0,legacy,,3000000.0,0.05,,,,
backtest_results_exp_blend_raw75_avg25_stress_3x\top_by_sharpe.csv,28.19880697228665,0.922262216991578,0.2704056044478055,,,,,,1000000.0,0.004,0.06,,0.0,legacy,,3000000.0,0.05,,,,
_archive_results_20260604\backtest_results_temporal_retention_20260531\h3h5h7_longonly_val_market_dynamic_hold90\temporal_retention_summary.csv,25.84679638910994,0.9215446867210282,0.1417257043019202,,,,,,,0.2,0.9,,,dynamic,,,,,,equal,
backtest_results_v9_retention_20260531\avgw3_val_target3_open_to_open_exec1m_cap5_min5\open_execution_summary.csv,31.77342059638136,0.9211939362647568,0.2112290770446066,,,,,,1000000.0,0.03,0.5,open_to_open,0.0,legacy,,5000000.0,0.05,,,,
backtest_results_v9_retention_20260531\final_legacy_val_target3_hold50_open_to_open_exec1m_2xcost\open_execution_summary.csv,31.59279462849476,0.9127024555295152,0.2112249395073183,,,,,,1000000.0,0.03,0.5,open_to_open,0.0,legacy,,20000000.0,0.05,,,,
backtest_results_v9_retention_20260531\raw_avgw3_rankblend_val_w25_75_open_to_open_exec1m_cap5_min20\open_execution_summary.csv,30.26219084691839,0.8927941552730503,0.2135889337315705,,,,,,1000000.0,0.03,0.6,open_to_open,0.0,legacy,,20000000.0,0.05,,,,
backtest_results_exp_base_band20_val\execution_constraint_sweep_summary.csv,25.33376397601344,0.8825710364532218,0.234181945362584,,,,,,1000000.0,0.006,0.1,,0.0,legacy,,3000000.0,0.05,0.2,,,
backtest_results_exp_base_band20_val\top_by_sharpe.csv,25.33376397601344,0.8825710364532218,0.234181945362584,,,,,,1000000.0,0.006,0.1,,0.0,legacy,,3000000.0,0.05,0.2,,,
backtest_results_v9_retention_20260531\avgw3_val_targetfine_open_to_open_exec1m_cap5_min20_market_dynamic_min0p50\open_execution_summary.csv,28.182096964143422,0.8762453628900598,0.1927173992284118,,,,,,1000000.0,0.035,0.6,open_to_open,0.0,dynamic,,20000000.0,0.05,,,,
backtest_results_exp_topret_band20_val\execution_constraint_sweep_summary.csv,26.915697142350894,0.8673557393965242,0.2751822136655885,,,,,,1000000.0,0.006,0.1,,0.0,legacy,,3000000.0,0.05,0.2,,,
backtest_results_exp_topret_band20_val\top_by_sharpe.csv,26.915697142350894,0.8673557393965242,0.2751822136655885,,,,,,1000000.0,0.006,0.1,,0.0,legacy,,3000000.0,0.05,0.2,,,
backtest_results_v9_retention_20260531\avgw3_val_targetfine_open_to_open_exec1m_cap5_min20_market_dynamic_min0p60\open_execution_summary.csv,25.07913728162321,0.7857874307834403,0.2273940079870185,,,,,,1000000.0,0.035,0.6,open_to_open,0.0,dynamic,,20000000.0,0.05,,,,
backtest_results_v9_retention_20260531\v9v10_rankens_val_w25_75_exec100m_cap5_min20\execution_constrained_summary.csv,23.08897920101072,0.7552938495218167,0.2243450370066383,,,,,,100000000.0,0.03,0.3,,,legacy,,20000000.0,0.05,,,,
backtest_results_test_plan_stress_2x_val\execution_constraint_sweep_summary.csv,22.69535358474273,0.7447385985114595,0.1855391041661885,,,,,,1000000.0,0.004,0.06,,0.0,legacy,,3000000.0,0.05,,,,
backtest_results_test_plan_stress_2x_val\top_by_sharpe.csv,22.69535358474273,0.7447385985114595,0.1855391041661885,,,,,,1000000.0,0.004,0.06,,0.0,legacy,,3000000.0,0.05,,,,
backtest_results_exp_blend_raw75_avg25_hold100_stress_lag1\execution_constraint_sweep_summary.csv,20.10302720255681,0.7296312486239693,0.2442314673914211,,,,,,500000.0,0.004,0.1,,1.0,legacy,,3000000.0,0.05,,,,
backtest_results_exp_blend_raw75_avg25_hold100_stress_lag1\top_by_sharpe.csv,20.10302720255681,0.7296312486239693,0.2442314673914211,,,,,,500000.0,0.004,0.1,,1.0,legacy,,3000000.0,0.05,,,,
backtest_results_test_plan_share_ledger_stress_lag1\execution_constraint_sweep_summary.csv,19.96139583451413,0.7158862937357074,0.2241200720256234,,,,,,1000000.0,0.004,0.06,,1.0,legacy,,3000000.0,0.05,,,,
backtest_results_test_plan_share_ledger_stress_lag1\top_by_sharpe.csv,19.96139583451413,0.7158862937357074,0.2241200720256234,,,,,,1000000.0,0.004,0.06,,1.0,legacy,,3000000.0,0.05,,,,
backtest_results_v9_retention_20260531\raw_avgw3_rankblend_val_w50_50_open_to_open_exec1m_cap5_min20\open_execution_summary.csv,20.76063380545401,0.6866150308427718,0.2294630468028176,,,,,,1000000.0,0.03,0.6,open_to_open,0.0,legacy,,20000000.0,0.05,,,,
backtest_results_exp_blend_raw75_avg25_stress_lag1\execution_constraint_sweep_summary.csv,17.1144422813718,0.6504753906089519,0.2532344642147741,,,,,,500000.0,0.004,0.06,,1.0,legacy,,3000000.0,0.05,,,,
backtest_results_exp_blend_raw75_avg25_stress_lag1\top_by_sharpe.csv,17.1144422813718,0.6504753906089519,0.2532344642147741,,,,,,500000.0,0.004,0.06,,1.0,legacy,,3000000.0,0.05,,,,
backtest_results_test_plan_small_account_lots_avgw3_val\execution_constraint_sweep_summary.csv,16.04416049265309,0.6148885630550406,0.1681974533507247,,,,,,1000000.0,0.03,0.3,,0.0,legacy,,3000000.0,0.05,,,,
backtest_results_test_plan_small_account_lots_avgw3_val\top_by_sharpe.csv,16.04416049265309,0.6148885630550406,0.1681974533507247,,,,,,1000000.0,0.03,0.3,,0.0,legacy,,3000000.0,0.05,,,,
backtest_results_v9_retention_20260531\raw_avgw3_rankblend_val_w75_25_open_to_open_exec1m_cap5_min20\open_execution_summary.csv,15.482853794659857,0.5685057363283251,0.2247924220266572,,,,,,1000000.0,0.03,0.6,open_to_open,0.0,legacy,,20000000.0,0.05,,,,
backtest_results_test_plan_stress_3x_val\execution_constraint_sweep_summary.csv,11.472627057991392,0.4815252947676118,0.2112451297426405,,,,,,1000000.0,0.004,0.06,,0.0,legacy,,3000000.0,0.05,,,,
backtest_results_test_plan_stress_3x_val\top_by_sharpe.csv,11.472627057991392,0.4815252947676118,0.2112451297426405,,,,,,1000000.0,0.004,0.06,,0.0,legacy,,3000000.0,0.05,,,,
backtest_results_v9_retention_20260531\avgw3_val_targetfine_open_to_open_exec1m_cap5_min20_market_none\open_execution_summary.csv,12.243497262700089,0.4811557681234563,0.3531214742577701,,,,,,1000000.0,0.035,0.6,open_to_open,0.0,none,,20000000.0,0.05,,,,
_archive_results_20260604\backtest_results_temporal_retention_20260531\h3h5h7_seed5591_val_extreme_hold\temporal_retention_summary.csv,7.085395307448006,0.3710753221632405,0.3191855893862511,,,,,,,0.2,0.9,,,none,,,,,,equal,
_archive_results_20260604\backtest_results_temporal_retention_20260531\h3h5h7_longonly_h128_t64_n3000_extreme_hold\temporal_retention_summary.csv,5.45902290850282,0.3352957381253358,0.3360065632860671,,,,,,,0.2,0.9,,,,,,,,,,
_archive_results_20260604\backtest_results_temporal_retention_20260531\h3h5h7_longonly_h128_t64_n3000_wide_nocost\temporal_retention_summary.csv,4.996649431322497,0.3274529692793549,0.3904304904750191,,,,,,,0.3,0.4,,,,,,,,,,
_archive_results_20260604\backtest_results_temporal_retention_20260531\h3h5h7_longonly_h128_t64_n3000_ultrawide\temporal_retention_summary.csv,3.8879328519886514,0.3003041417841251,0.3670495840907677,,,,,,,0.3,0.7,,,,,,,,,,
_archive_results_20260604\backtest_results_temporal_retention_20260531\h3h5h7_longonly_h128_t64_n3000_wide\temporal_retention_summary.csv,0.0120367193314985,0.2245522080368571,0.4079182978926465,,,,,,,0.15,0.5,,,,,,,,,,
_archive_results_20260604\backtest_results_temporal_retention_20260531\target_sampler_extreme_hold_compare\temporal_retention_summary.csv,1.681379914004788,0.2231070237201386,0.3095504869355016,,,,,,,0.4,0.8,,,,,,,,,,
_archive_results_20260604\backtest_results_temporal_retention_20260531\h3h5h7_longonly_rank_linear_weight\temporal_retention_summary.csv,-2.907365410432683,0.1555110488366492,0.3828118884736778,,,,,,,0.2,0.9,,,,,,,,,rank_linear,
_archive_results_20260604\backtest_results_temporal_retention_20260531\h3h5h7_longonly_h128_t64_n3000\temporal_retention_summary.csv,-5.345728945808748,0.1252644841562152,0.4300380014858077,,,,,,,0.05,0.3,,,,,,,,,,
_archive_results_20260604\backtest_results_temporal_retention_20260531\target_sampler_wide_compare\temporal_retention_summary.csv,-2.901333037238518,0.0939908173837317,0.3293951433972608,,,,,,,0.3,0.5,,,,,,,,,,
backtest_results_test_plan_stress_lag1_val\execution_constraint_sweep_summary.csv,-4.667721738894093,0.0478770841292514,0.2672667039735428,,,,,,1000000.0,0.004,0.06,,1.0,legacy,,3000000.0,0.05,,,,
backtest_results_test_plan_stress_lag1_val\top_by_sharpe.csv,-4.667721738894093,0.0478770841292514,0.2672667039735428,,,,,,1000000.0,0.004,0.06,,1.0,legacy,,3000000.0,0.05,,,,
_archive_results_20260604\backtest_results_temporal_retention_20260531\h3h5h7_longonly_alpha_positive_weight\temporal_retention_summary.csv,-9.48282111507045,-0.0013851512199548,0.4084812301932394,,,,,,,0.4,0.9,,,,,,,,,alpha_positive,
forward_results\frozen_v9_avgw3\primary_ledger_20260519_20260611_funda_fixed\execution_constraint_sweep_summary.csv,-52.61195729835284,-2.569054783317795,0.0797562129908328,,,,,,1000000.0,0.006,0.1,,0.0,legacy,,3000000.0,0.05,,,,
forward_results\frozen_v9_avgw3\primary_ledger_20260519_20260611_funda_fixed\top_by_sharpe.csv,-52.61195729835284,-2.569054783317795,0.0797562129908328,,,,,,1000000.0,0.006,0.1,,0.0,legacy,,3000000.0,0.05,,,,
forward_results\shadow_rebalance_band20\ledger_20260519_20260611\execution_constraint_sweep_summary.csv,-61.15405400062164,-2.7832568690450725,0.0789019932522055,,,,,,1000000.0,0.006,0.1,,0.0,legacy,,3000000.0,0.05,0.2,,,
forward_results\shadow_rebalance_band20\ledger_20260519_20260611\top_by_sharpe.csv,-61.15405400062164,-2.7832568690450725,0.0789019932522055,,,,,,1000000.0,0.006,0.1,,0.0,legacy,,3000000.0,0.05,0.2,,,
forward_results\frozen_v9_avgw3\primary_ledger_20260519_20260611\execution_constraint_sweep_summary.csv,-62.68217645212456,-2.8858374339324384,0.0804018413523677,,,,,,1000000.0,0.006,0.1,,0.0,legacy,,3000000.0,0.05,,,,
forward_results\frozen_v9_avgw3\primary_ledger_20260519_20260611\top_by_sharpe.csv,-62.68217645212456,-2.8858374339324384,0.0804018413523677,,,,,,1000000.0,0.006,0.1,,0.0,legacy,,3000000.0,0.05,,,,
forward_results\m0_v3_20260615\summary.csv,-72.82849300000669,-4.200420565698377,0.1131289960749022,,m0,,,,1000000.0,0.006,0.1,,0.0,legacy,,,,0.2,,,
forward_results\m0_v3_20260615\v4_forward_summary.csv,-72.82849300000669,-4.200420565698377,0.1131289960749022,,m0,,,,1000000.0,0.006,0.1,,0.0,legacy,,,,0.2,,,
forward_results\m0_v41_20260615\summary.csv,-72.82849300000669,-4.200420565698377,0.1131289960749022,,m0,,base,,1000000.0,0.006,0.1,,0.0,legacy,,,,0.2,,,
forward_results\shadow_raw75_avg25\ledger_20260519_20260611\execution_constraint_sweep_summary.csv,-74.83307814547805,-4.434875831823398,0.1041677532566739,,,,,,500000.0,0.004,0.1,,0.0,legacy,,3000000.0,0.05,,,,
forward_results\shadow_raw75_avg25\ledger_20260519_20260611\top_by_sharpe.csv,-74.83307814547805,-4.434875831823398,0.1041677532566739,,,,,,500000.0,0.004,0.1,,0.0,legacy,,3000000.0,0.05,,,,
backtest_results_small_account_smoke_20260612\execution_constraint_sweep_summary.csv,-50.00427506429055,-6.902636416898761,0.0555627068454153,,,,,,500000.0,0.03,0.3,,0.0,legacy,,3000000.0,0.05,,,,
backtest_results_small_account_smoke_20260612\top_by_sharpe.csv,-50.00427506429055,-6.902636416898761,0.0555627068454153,,,,,,500000.0,0.03,0.3,,0.0,legacy,,3000000.0,0.05,,,,
backtest_results_test_plan_v9_smoke5\v9_retention_summary.csv,-40.15715917658393,-12.979423912978714,0.0121512188387654,val,,,,,,0.03,0.4,,,legacy,,,,,v9_raw,equal,
