split,portfolio_value,ann,sharpe,mdd,avg_turnover,blocked_buy,blocked_sell,candidate,role,scenario
test,500000.0,73.27667084944854,2.665976979818548,0.1461186455769947,0.2955738197118596,2.0,4.0,edge_r030_100,first_stability_candidate,cost2x
test,500000.0,72.75511102222589,2.651834274556611,0.1461186455769947,0.2953506518023457,2.0,4.0,edge_r030_120,stability_watch_candidate,cost2x
test,500000.0,72.91171824130112,2.6553767036959166,0.1461186455769947,0.2954805197227043,2.0,4.0,main_candidate,official_baseline,cost2x
test,500000.0,72.91171824130112,2.6553767036959166,0.1461186455769947,0.2954805197227043,2.0,4.0,market_switch,conservative_watch_candidate,cost2x
test,500000.0,75.63452149253769,2.7203024607778032,0.1429551987110958,0.2954457826769,2.0,4.0,negfilter_r030_100_drop3,first_attack_candidate,cost2x
test,1000000.0,75.8267634145132,2.5863794101095325,0.154970877002375,0.3105180794094013,2.0,4.0,edge_r030_100,first_stability_candidate,cost2x
test,1000000.0,75.50589427116276,2.580113367172713,0.154970877002375,0.309981918637945,2.0,4.0,edge_r030_120,stability_watch_candidate,cost2x
test,1000000.0,75.81024729256671,2.5856409800339235,0.154970877002375,0.3101282719907909,2.0,4.0,main_candidate,official_baseline,cost2x
test,1000000.0,75.81024729256671,2.5856409800339235,0.154970877002375,0.3101282719907909,2.0,4.0,market_switch,conservative_watch_candidate,cost2x
test,1000000.0,78.53240740367282,2.633648912716612,0.1575484934164852,0.3101289036103983,2.0,4.0,negfilter_r030_100_drop3,first_attack_candidate,cost2x
val,500000.0,71.43631119746645,1.6484351439099365,0.2204217228056362,0.2737572822088598,7.0,4.0,edge_r030_100,first_stability_candidate,cost2x
val,500000.0,72.1426879866348,1.6581148922048474,0.2158486347692213,0.2736994170754011,7.0,4.0,edge_r030_120,stability_watch_candidate,cost2x
val,500000.0,70.40337161847259,1.6308174792981354,0.2237192959549063,0.2733710924525771,7.0,4.0,main_candidate,official_baseline,cost2x
val,500000.0,70.77656139417057,1.6365831599657328,0.2234382489153614,0.2735752516574493,7.0,4.0,market_switch,conservative_watch_candidate,cost2x
val,500000.0,70.59628447196415,1.6294958955196142,0.2225571755398602,0.27279747522165,7.0,5.0,negfilter_r030_100_drop3,first_attack_candidate,cost2x
val,1000000.0,74.8955079006588,1.673733115727153,0.2182961989019461,0.2802997608115852,7.0,4.0,edge_r030_100,first_stability_candidate,cost2x
val,1000000.0,75.28343526682531,1.6799194266605175,0.2170722579154565,0.2802980522351029,7.0,4.0,edge_r030_120,stability_watch_candidate,cost2x
val,1000000.0,74.5502693286156,1.6675165051730414,0.2221501513390825,0.2801124268658264,7.0,4.0,main_candidate,official_baseline,cost2x
val,1000000.0,75.02589763658783,1.6729309491095106,0.2225336729427482,0.2801405625038559,7.0,4.0,market_switch,conservative_watch_candidate,cost2x
val,1000000.0,74.43093763823316,1.660859952522243,0.2255107972589645,0.2801808320149409,7.0,5.0,negfilter_r030_100_drop3,first_attack_candidate,cost2x
test,500000.0,78.64119017968999,2.8192411458340016,0.1380512049709333,0.2952595142277385,5.0,2.0,edge_r030_100,first_stability_candidate,lag1
test,500000.0,79.3501667394246,2.83527256262153,0.1380512049709333,0.2959038957392649,5.0,2.0,edge_r030_120,stability_watch_candidate,lag1
test,500000.0,78.5943089380306,2.8177602385910863,0.1380512049709333,0.2955116079431963,5.0,2.0,main_candidate,official_baseline,lag1
test,500000.0,78.5943089380306,2.8177602385910863,0.1380512049709333,0.2955116079431963,5.0,2.0,market_switch,conservative_watch_candidate,lag1
test,500000.0,80.28001351981213,2.86790046452083,0.1357440453092253,0.2962849036853001,5.0,2.0,negfilter_r030_100_drop3,first_attack_candidate,lag1
test,1000000.0,85.54289948375077,2.851522012888842,0.1448763907343219,0.3096832368710451,5.0,2.0,edge_r030_100,first_stability_candidate,lag1
test,1000000.0,86.4252719208168,2.874290602124973,0.1448763907343219,0.3098704990901663,5.0,2.0,edge_r030_120,stability_watch_candidate,lag1
test,1000000.0,85.86501001805009,2.859066770908181,0.1448763907343219,0.3097867909133569,5.0,2.0,main_candidate,official_baseline,lag1
test,1000000.0,85.86501001805009,2.859066770908181,0.1448763907343219,0.3097867909133569,5.0,2.0,market_switch,conservative_watch_candidate,lag1
test,1000000.0,87.8444502847715,2.9049453676422425,0.1434251833238617,0.3097603995365109,6.0,2.0,negfilter_r030_100_drop3,first_attack_candidate,lag1
val,500000.0,47.54131049734449,1.2350087467999162,0.2214563336731741,0.2721019738660752,10.0,6.0,edge_r030_100,first_stability_candidate,lag1
val,500000.0,47.97999498665915,1.2436462416406997,0.2192039412608552,0.2719642677337923,10.0,6.0,edge_r030_120,stability_watch_candidate,lag1
val,500000.0,46.38815439692729,1.2149724369549249,0.2242110224243801,0.2718127392560194,10.0,6.0,main_candidate,official_baseline,lag1
val,500000.0,47.00349525288223,1.225069529472507,0.224312900809262,0.2720126398846796,10.0,6.0,market_switch,conservative_watch_candidate,lag1
val,500000.0,49.035963704873154,1.259507861448499,0.2176077003383209,0.2719850790434527,10.0,6.0,negfilter_r030_100_drop3,first_attack_candidate,lag1
val,1000000.0,48.86654392811221,1.2412911602982222,0.2206701368150049,0.2793357908582249,10.0,6.0,edge_r030_100,first_stability_candidate,lag1
val,1000000.0,48.93302361278798,1.2425179682808294,0.2204908628278226,0.279338605123182,10.0,6.0,edge_r030_120,stability_watch_candidate,lag1
val,1000000.0,47.36102391034744,1.2153361815311825,0.2289469324978316,0.2793126379905829,10.0,6.0,main_candidate,official_baseline,lag1
val,1000000.0,47.86002065168376,1.2247795239471366,0.2279009976699925,0.2792183403887977,10.0,6.0,market_switch,conservative_watch_candidate,lag1
val,1000000.0,49.74486457148275,1.2556278165305084,0.2198493179967587,0.2792944377636367,10.0,6.0,negfilter_r030_100_drop3,first_attack_candidate,lag1
test,500000.0,84.29766805359864,2.953289272261693,0.1428330056057641,0.2962930263551286,2.0,4.0,edge_r030_100,first_stability_candidate,normal
test,500000.0,84.26789691447225,2.952791983144232,0.1428330056057641,0.2963796563265225,2.0,4.0,edge_r030_120,stability_watch_candidate,normal
test,500000.0,84.32628818115226,2.9541700752329327,0.1428330056057641,0.2962434245544949,2.0,4.0,main_candidate,official_baseline,normal
test,500000.0,84.32628818115226,2.9541700752329327,0.1428330056057641,0.2962434245544949,2.0,4.0,market_switch,conservative_watch_candidate,normal
test,500000.0,87.0340291006972,3.009446578594989,0.1394303900899012,0.2966879942202245,2.0,4.0,negfilter_r030_100_drop3,first_attack_candidate,normal
test,1000000.0,88.2143893873107,2.8869158868909324,0.1523578328499969,0.3107846644720944,2.0,4.0,edge_r030_100,first_stability_candidate,normal
test,1000000.0,87.56441861266195,2.8726504116423834,0.1523578328499969,0.3103877514367616,2.0,4.0,edge_r030_120,stability_watch_candidate,normal
test,1000000.0,88.22945754729214,2.8877703152082788,0.1523578328499969,0.3107518687320758,2.0,4.0,main_candidate,official_baseline,normal
test,1000000.0,88.22945754729214,2.8877703152082788,0.1523578328499969,0.3107518687320758,2.0,4.0,market_switch,conservative_watch_candidate,normal
test,1000000.0,91.0811882768413,2.926839827818054,0.1553791091888499,0.311027673790578,2.0,4.0,negfilter_r030_100_drop3,first_attack_candidate,normal
val,500000.0,80.88810949768242,1.7885939953544858,0.2067445039563865,0.2733505984837054,7.0,4.0,edge_r030_100,first_stability_candidate,normal
val,500000.0,81.90533751325191,1.8050134863876532,0.2024645291585729,0.2733691803638092,7.0,4.0,edge_r030_120,stability_watch_candidate,normal
val,500000.0,79.79347902186498,1.7714430518751163,0.2106653179554184,0.2734056199199975,7.0,4.0,main_candidate,official_baseline,normal
val,500000.0,80.48384631322834,1.7813342635493938,0.209185692384928,0.2734866271225624,7.0,4.0,market_switch,conservative_watch_candidate,normal
val,500000.0,80.50681992810044,1.7772190262376235,0.210505997657236,0.2735471485921947,7.0,5.0,negfilter_r030_100_drop3,first_attack_candidate,normal
val,1000000.0,84.78097724471337,1.817719986059306,0.2035789514461395,0.2804727378531288,7.0,4.0,edge_r030_100,first_stability_candidate,normal
val,1000000.0,84.94646083504843,1.8206129955039256,0.2025409311322136,0.2805919008350456,7.0,4.0,edge_r030_120,stability_watch_candidate,normal
val,1000000.0,84.85079367334664,1.8169538762133024,0.2079180057801714,0.2803185913638777,7.0,4.0,main_candidate,official_baseline,normal
val,1000000.0,85.22216771197557,1.8221514922206807,0.2079005214624452,0.2804053774204735,7.0,4.0,market_switch,conservative_watch_candidate,normal
val,1000000.0,84.8720306771245,1.81234118181932,0.21086237404379,0.2803121889214577,7.0,5.0,negfilter_r030_100_drop3,first_attack_candidate,normal
