model,strategy,target_frac,hold_frac,market,split,ann,sharpe,mdd,avg_turnover,avg_holding_days,total_cost,reliability,source
V9 topfocus average_w3,retention target0.030/hold0.400,0.03,0.4,legacy,test,89.1471543337644,3.1748147470168746,0.1313899870871707,0.2033590565503271,9.642683912691997,0.0548908081836212,same_engine_full_cost,backtest_results_v9_retention_20260531\topfocus_avgw3_test_legacy_finegrid\v9_retention_summary.csv
V9 topfocus average_w3,retention target0.030/hold0.250,0.03,0.25,legacy,test,88.50402119920895,3.125575859220749,0.1310262654471868,0.2681549939662846,7.161813269288502,0.0724602266139581,same_engine_full_cost,backtest_results_v9_retention_20260531\topfocus_avgw3_test_legacy_finegrid\v9_retention_summary.csv
V9 topfocus average_w3,retention target0.030/hold0.500,0.03,0.5,legacy,test,85.20372249958837,3.0713350844218668,0.1330573677313803,0.164787463676507,12.112718964204111,0.0444321207758848,same_engine_full_cost,backtest_results_v9_retention_20260531\topfocus_avgw3_test_legacy_finegrid\v9_retention_summary.csv
V9 topfocus average_w3,retention target0.050/hold0.250,0.05,0.25,legacy,test,84.26755115478586,3.0682545295943404,0.1279707516382092,0.2738688448087698,6.995608642192166,0.0740095372698979,same_engine_full_cost,backtest_results_v9_retention_20260531\topfocus_avgw3_test_legacy_finegrid\v9_retention_summary.csv
V9 topfocus average_w3,retention target0.030/hold0.300,0.03,0.3,legacy,test,85.71804424419813,3.0657465542411257,0.1292065899780428,0.2424946930988687,7.978595317725753,0.0655024360337582,same_engine_full_cost,backtest_results_v9_retention_20260531\topfocus_avgw3_test_legacy_finegrid\v9_retention_summary.csv
V9 topfocus average_w3,retention target0.050/hold0.400,0.05,0.4,legacy,test,82.51060104605624,3.0637670200931724,0.1281017938636536,0.2008992268134924,9.75410237570414,0.0542238253504784,same_engine_full_cost,backtest_results_v9_retention_20260531\topfocus_avgw3_test_legacy_finegrid\v9_retention_summary.csv
V9 topfocus average_w3,retention target0.050/hold0.300,0.05,0.3,legacy,test,83.37286445812222,3.0624589879549164,0.1259099179867864,0.2458433012163623,7.845168915591451,0.0664104111248166,same_engine_full_cost,backtest_results_v9_retention_20260531\topfocus_avgw3_test_legacy_finegrid\v9_retention_summary.csv
V9 topfocus average_w3,retention target0.100/hold0.300,0.1,0.3,legacy,test,78.62662329970405,3.02922024718578,0.1206681192735097,0.2524773362308143,7.637273685218891,0.0682092297189853,same_engine_full_cost,backtest_results_v9_retention_20260531\topfocus_avgw3_test_legacy_finegrid\v9_retention_summary.csv
V9 topfocus average_w3,retention target0.075/hold0.250,0.075,0.25,legacy,test,80.19932376132476,3.0269887562901165,0.1255576521173658,0.2792406372604418,6.860946915351507,0.0754660987931688,same_engine_full_cost,backtest_results_v9_retention_20260531\topfocus_avgw3_test_legacy_finegrid\v9_retention_summary.csv
V9 topfocus average_w3,retention target0.100/hold0.250,0.1,0.25,legacy,test,78.57935731534691,3.021203853222595,0.1214615641024919,0.2866202076019053,6.672985980330613,0.0774670692912566,same_engine_full_cost,backtest_results_v9_retention_20260531\topfocus_avgw3_test_legacy_finegrid\v9_retention_summary.csv
V9 topfocus average_w3,retention target0.075/hold0.500,0.075,0.5,legacy,test,78.8439396984207,3.0095559436382966,0.1252312011760702,0.1624339424207369,12.30971993410214,0.0437939634873828,same_engine_full_cost,backtest_results_v9_retention_20260531\topfocus_avgw3_test_legacy_finegrid\v9_retention_summary.csv
V9 topfocus average_w3,retention target0.075/hold0.300,0.075,0.3,legacy,test,79.41742000751294,3.008798586060053,0.125397465582718,0.2490351129686707,7.749027741768214,0.067275870881455,same_engine_full_cost,backtest_results_v9_retention_20260531\topfocus_avgw3_test_legacy_finegrid\v9_retention_summary.csv
V9 topfocus average_w3,retention target0.075/hold0.400,0.075,0.4,legacy,test,79.07023038535263,3.0086014328318047,0.1253850938930644,0.201879971309575,9.702321051777307,0.0544897542205912,same_engine_full_cost,backtest_results_v9_retention_20260531\topfocus_avgw3_test_legacy_finegrid\v9_retention_summary.csv
V9 topfocus average_w3,retention target0.050/hold0.500,0.05,0.5,legacy,test,80.35716882776558,3.008257923163108,0.1266745118791345,0.1629681102333047,12.257925515543244,0.0439388030897605,same_engine_full_cost,backtest_results_v9_retention_20260531\topfocus_avgw3_test_legacy_finegrid\v9_retention_summary.csv
V9 topfocus average_w3,retention target0.125/hold0.400,0.125,0.4,legacy,test,76.16682251185378,3.0017739387886686,0.1185694323322887,0.2050807755977308,9.550685062757497,0.0553576523033247,same_engine_full_cost,backtest_results_v9_retention_20260531\topfocus_avgw3_test_legacy_finegrid\v9_retention_summary.csv
V9 topfocus average_w3,retention target0.100/hold0.400,0.1,0.4,legacy,test,77.08450513292053,2.998248657578816,0.1227406394352478,0.2025110786986087,9.683063095888746,0.0546608789891277,same_engine_full_cost,backtest_results_v9_retention_20260531\topfocus_avgw3_test_legacy_finegrid\v9_retention_summary.csv
V9 topfocus average_w3,retention target0.125/hold0.300,0.125,0.3,legacy,test,76.25690794930999,2.987690168040437,0.1187882755679675,0.2582872018522025,7.453026281356312,0.0697845747822246,same_engine_full_cost,backtest_results_v9_retention_20260531\topfocus_avgw3_test_legacy_finegrid\v9_retention_summary.csv
V9 topfocus average_w3,retention target0.150/hold0.500,0.15,0.5,legacy,test,74.26654612341923,2.974906452950545,0.1192980994740193,0.1639180859982352,12.193354398124557,0.0441963890184214,same_engine_full_cost,backtest_results_v9_retention_20260531\topfocus_avgw3_test_legacy_finegrid\v9_retention_summary.csv
V9 topfocus average_w3,retention target0.150/hold0.400,0.15,0.4,legacy,test,74.17999092669201,2.963436404546949,0.1173778065836979,0.2079698877072397,9.4003614647179,0.056141035051818,same_engine_full_cost,backtest_results_v9_retention_20260531\topfocus_avgw3_test_legacy_finegrid\v9_retention_summary.csv
V9 topfocus average_w3,retention target0.125/hold0.500,0.125,0.5,legacy,test,74.62520837566461,2.9563013750332527,0.1232723106329556,0.1625538035741603,12.322207800234873,0.0438264638391335,same_engine_full_cost,backtest_results_v9_retention_20260531\topfocus_avgw3_test_legacy_finegrid\v9_retention_summary.csv
V9 topfocus average_w3,retention target0.125/hold0.250,0.125,0.25,legacy,test,75.25670288698537,2.9487789889776828,0.1206279748080828,0.295379833990946,6.460803059273423,0.079842241986645,same_engine_full_cost,backtest_results_v9_retention_20260531\topfocus_avgw3_test_legacy_finegrid\v9_retention_summary.csv
V9 topfocus average_w3,retention target0.050/hold0.600,0.05,0.6,legacy,test,78.44100632504806,2.944442452758389,0.1323112239125594,0.1323159993293222,15.535790910864051,0.0356274832181457,same_engine_full_cost,backtest_results_v9_retention_20260531\topfocus_avgw3_test_legacy_finegrid\v9_retention_summary.csv
V9 topfocus average_w3,retention target0.030/hold0.600,0.03,0.6,legacy,test,80.04914493771848,2.938441957273991,0.1346176475753764,0.1336337188940241,15.346413637825668,0.0359847828781146,same_engine_full_cost,backtest_results_v9_retention_20260531\topfocus_avgw3_test_legacy_finegrid\v9_retention_summary.csv
V9 topfocus average_w3,retention target0.100/hold0.600,0.1,0.6,legacy,test,74.94555625200749,2.9256383759270586,0.1261705858372688,0.1300340697069342,15.831115965051628,0.0350087380010352,same_engine_full_cost,backtest_results_v9_retention_20260531\topfocus_avgw3_test_legacy_finegrid\v9_retention_summary.csv
V9 topfocus average_w3,retention target0.075/hold0.600,0.075,0.6,legacy,test,75.79058218943584,2.9232287713788008,0.128866326807993,0.1305476380336252,15.759557078829422,0.0351479920528174,same_engine_full_cost,backtest_results_v9_retention_20260531\topfocus_avgw3_test_legacy_finegrid\v9_retention_summary.csv
V9 topfocus average_w3,retention target0.100/hold0.500,0.1,0.5,legacy,test,74.74496252070071,2.9208091647680763,0.1253588307209765,0.1622916413871507,12.34618660472319,0.0437553785621259,same_engine_full_cost,backtest_results_v9_retention_20260531\topfocus_avgw3_test_legacy_finegrid\v9_retention_summary.csv
V9 topfocus average_w3,retention target0.150/hold0.250,0.15,0.25,legacy,test,73.34910404864712,2.9175814100459445,0.1189011917309902,0.3063332083024147,6.214654926101977,0.0828122494311997,same_engine_full_cost,backtest_results_v9_retention_20260531\topfocus_avgw3_test_legacy_finegrid\v9_retention_summary.csv
V9 topfocus average_w3,retention target0.150/hold0.300,0.15,0.3,legacy,test,73.14380652748966,2.915352977372611,0.1192906638944479,0.2644783940267393,7.268303056078741,0.0714633165403503,same_engine_full_cost,backtest_results_v9_retention_20260531\topfocus_avgw3_test_legacy_finegrid\v9_retention_summary.csv
V9 topfocus average_w3,retention target0.200/hold0.500,0.2,0.5,legacy,test,70.3769978953887,2.8905819390856267,0.1164923868729056,0.1667602344154991,11.969091113695187,0.0449670375617625,same_engine_full_cost,backtest_results_v9_retention_20260531\topfocus_avgw3_test_legacy_widegrid\v9_retention_summary.csv
V9 topfocus average_w3,retention target0.125/hold0.600,0.125,0.6,legacy,test,72.2040769444759,2.877077583831788,0.1259729624442518,0.1301859041530433,15.819790509442946,0.0350499079110976,same_engine_full_cost,backtest_results_v9_retention_20260531\topfocus_avgw3_test_legacy_finegrid\v9_retention_summary.csv
V9 topfocus average_w3,retention target0.150/hold0.600,0.15,0.6,legacy,test,69.87349401303833,2.8395590287924977,0.1231158989179472,0.130382519926356,15.781149000725543,0.0351032202780314,same_engine_full_cost,backtest_results_v9_retention_20260531\topfocus_avgw3_test_legacy_finegrid\v9_retention_summary.csv
V9 topfocus average_w3,retention target0.200/hold0.600,0.2,0.6,legacy,test,67.88551179152995,2.814242110386248,0.1181978579160356,0.1313159291416153,15.641372549019607,0.0353563141867489,same_engine_full_cost,backtest_results_v9_retention_20260531\topfocus_avgw3_test_legacy_widegrid\v9_retention_summary.csv
V9 topfocus average_w3,retention target0.100/hold0.700,0.1,0.7,legacy,test,71.37293783692542,2.806043876984321,0.1333029644324088,0.1015555628367236,21.122135382169823,0.0272867908631776,same_engine_full_cost,backtest_results_v9_retention_20260531\topfocus_avgw3_test_legacy_widegrid\v9_retention_summary.csv
V9 topfocus average_w3,retention target0.250/hold0.500,0.25,0.5,legacy,test,66.63474138068905,2.801457219765872,0.1162297247231282,0.1704910202327942,11.670704233593726,0.0459786401361221,same_engine_full_cost,backtest_results_v9_retention_20260531\topfocus_avgw3_test_legacy_widegrid\v9_retention_summary.csv
V9 topfocus average_w3,retention target0.250/hold0.600,0.25,0.6,legacy,test,66.24060206788182,2.794051209787903,0.1152292239590247,0.1334893759442569,15.341448405830546,0.0359456442872852,same_engine_full_cost,backtest_results_v9_retention_20260531\topfocus_avgw3_test_legacy_widegrid\v9_retention_summary.csv
V9 topfocus average_w3,retention target0.150/hold0.700,0.15,0.7,legacy,test,68.699667981054,2.7771843399716047,0.1282190752395146,0.1013229653897926,21.19015144805597,0.0272237220654422,same_engine_full_cost,backtest_results_v9_retention_20260531\topfocus_avgw3_test_legacy_widegrid\v9_retention_summary.csv
V9 topfocus average_w3,retention target0.300/hold0.600,0.3,0.6,legacy,test,63.778228153312334,2.738813242404671,0.1146520783838667,0.1358107189261476,15.037730514278534,0.0365750764368249,same_engine_full_cost,backtest_results_v9_retention_20260531\topfocus_avgw3_test_legacy_widegrid\v9_retention_summary.csv
V9 topfocus average_w3,retention target0.300/hold0.500,0.3,0.5,legacy,test,63.78116640953564,2.7332598670469834,0.116851315522709,0.1771399003192781,11.185875864647596,0.0477814839715722,same_engine_full_cost,backtest_results_v9_retention_20260531\topfocus_avgw3_test_legacy_widegrid\v9_retention_summary.csv
V9 topfocus average_w3,retention target0.200/hold0.700,0.2,0.7,legacy,test,65.0872259856303,2.7081883047587167,0.1239182969861554,0.1014376727510451,21.15240304938681,0.0272548249664458,same_engine_full_cost,backtest_results_v9_retention_20260531\topfocus_avgw3_test_legacy_widegrid\v9_retention_summary.csv
V9 topfocus average_w3,retention target0.300/hold0.700,0.3,0.7,legacy,test,62.95708839505541,2.707955409733806,0.1165261812543398,0.1034865706198704,20.59132754022197,0.0278103836235778,same_engine_full_cost,backtest_results_v9_retention_20260531\topfocus_avgw3_test_legacy_widegrid\v9_retention_summary.csv
V9 topfocus average_w3,retention target0.150/hold0.800,0.15,0.8,legacy,test,66.62907345979494,2.7032763035535714,0.1310825238331645,0.0775020208499308,29.46890011085109,0.0207646729534587,same_engine_full_cost,backtest_results_v9_retention_20260531\topfocus_avgw3_test_legacy_widegrid\v9_retention_summary.csv
V9 topfocus average_w3,retention target0.250/hold0.700,0.25,0.7,legacy,test,63.67113827458444,2.702717038535582,0.1188128002597829,0.1018780809843504,20.99436842105263,0.0273742416589066,same_engine_full_cost,backtest_results_v9_retention_20260531\topfocus_avgw3_test_legacy_widegrid\v9_retention_summary.csv
V9 topfocus average_w3,retention target0.100/hold0.800,0.1,0.8,legacy,test,68.36154727048358,2.694139628134556,0.1414936837849023,0.0783703710809727,29.091589126071884,0.0210001261186057,same_engine_full_cost,backtest_results_v9_retention_20260531\topfocus_avgw3_test_legacy_widegrid\v9_retention_summary.csv
V9 topfocus average_w3,retention target0.200/hold0.800,0.2,0.8,legacy,test,64.21658938833215,2.665402916267107,0.127911676236104,0.0771783693496002,29.618861969739164,0.0206769148491441,same_engine_full_cost,backtest_results_v9_retention_20260531\topfocus_avgw3_test_legacy_widegrid\v9_retention_summary.csv
V9 topfocus average_w3,retention target0.250/hold0.800,0.25,0.8,legacy,test,62.124934662149855,2.6322577689856383,0.125586844109285,0.0770171635677975,29.65747211895911,0.0206332039014082,same_engine_full_cost,backtest_results_v9_retention_20260531\topfocus_avgw3_test_legacy_widegrid\v9_retention_summary.csv
V9 topfocus average_w3,retention target0.400/hold0.600,0.4,0.6,legacy,test,58.7171245781466,2.6127319135871487,0.1150788712216778,0.144014164017053,14.053214442976662,0.0387994405732239,same_engine_full_cost,backtest_results_v9_retention_20260531\topfocus_avgw3_test_legacy_widegrid\v9_retention_summary.csv
V9 topfocus average_w3,retention target0.400/hold0.700,0.4,0.7,legacy,test,58.47815001769918,2.6085209596980725,0.1141731957240177,0.1070183843830207,19.76702486761017,0.028768034925456,same_engine_full_cost,backtest_results_v9_retention_20260531\topfocus_avgw3_test_legacy_widegrid\v9_retention_summary.csv
V9 topfocus average_w3,retention target0.400/hold0.500,0.4,0.5,legacy,test,59.00354593668382,2.608380618740664,0.1160432186997735,0.195210308596377,10.04812354385744,0.0526812751759076,same_engine_full_cost,backtest_results_v9_retention_20260531\topfocus_avgw3_test_legacy_widegrid\v9_retention_summary.csv
V9 topfocus average_w3,retention target0.300/hold0.800,0.3,0.8,legacy,test,60.28614878932255,2.608192492227197,0.121872357389804,0.0772158668832047,29.543636588075547,0.0206870823053809,same_engine_full_cost,backtest_results_v9_retention_20260531\topfocus_avgw3_test_legacy_widegrid\v9_retention_summary.csv
V9 topfocus average_w3,retention target0.400/hold0.800,0.4,0.8,legacy,test,57.91577851282644,2.5829559019864594,0.1161251228457592,0.0780771138238981,29.08223983962092,0.0209206094133499,same_engine_full_cost,backtest_results_v9_retention_20260531\topfocus_avgw3_test_legacy_widegrid\v9_retention_summary.csv
V9 topfocus average_w3,retention target0.150/hold0.900,0.15,0.9,legacy,test,62.09315262748132,2.5292887888325777,0.1430606553914266,0.0545160255230515,47.377821782178216,0.0145320203205754,same_engine_full_cost,backtest_results_v9_retention_20260531\topfocus_avgw3_test_legacy_widegrid\v9_retention_summary.csv
V9 topfocus average_w3,retention target0.100/hold0.900,0.1,0.9,legacy,test,64.06102900435191,2.5203341940867303,0.1505002079561501,0.0554710656714342,46.25790542500725,0.0147909794568093,same_engine_full_cost,backtest_results_v9_retention_20260531\topfocus_avgw3_test_legacy_widegrid\v9_retention_summary.csv
V9 topfocus average_w3,retention target0.200/hold0.900,0.2,0.9,legacy,test,59.97568769039772,2.500033236900366,0.1389497136113696,0.0536394386188591,48.48564048017019,0.0142943337815036,same_engine_full_cost,backtest_results_v9_retention_20260531\topfocus_avgw3_test_legacy_widegrid\v9_retention_summary.csv
V9 topfocus average_w3,retention target0.300/hold0.900,0.3,0.9,legacy,test,56.409598944105554,2.4572633388425658,0.1317251092496178,0.0526638261541719,49.80397461242327,0.0140297964617037,same_engine_full_cost,backtest_results_v9_retention_20260531\topfocus_avgw3_test_legacy_widegrid\v9_retention_summary.csv
V9 topfocus average_w3,retention target0.250/hold0.900,0.25,0.9,legacy,test,57.27295731456379,2.4555001811653536,0.1349720178826997,0.0530619446239736,49.22174234945706,0.0141377462847904,same_engine_full_cost,backtest_results_v9_retention_20260531\topfocus_avgw3_test_legacy_widegrid\v9_retention_summary.csv
V9 topfocus average_w3,retention target0.400/hold0.900,0.4,0.9,legacy,test,53.777673074402735,2.4272260134608388,0.1243789897944551,0.0528236961715289,49.488060164366566,0.01407314521691,same_engine_full_cost,backtest_results_v9_retention_20260531\topfocus_avgw3_test_legacy_widegrid\v9_retention_summary.csv
V10 seed5590,retention target0.300/hold0.800,0.3,0.8,legacy,test,48.73162521788386,2.161032194272129,0.125810499648305,0.0954631828413205,23.1099404489235,0.025634842027424,same_engine_full_cost,h3h5h7_longonly_test_market_legacy_t30h80
V10 seed5590,retention target0.200/hold0.800,0.2,0.8,legacy,test,49.59328430444745,2.154128597602289,0.133001906332632,0.0935637543747184,23.736412830366245,0.0251198119987049,same_engine_full_cost,h3h5h7_longonly_test_market_legacy_one
V10 seed5590,retention target0.200/hold0.900,0.2,0.9,legacy,test,48.52713231817189,2.144597062683258,0.1343939864446833,0.0606578712694938,41.48910212474298,0.0161973817947232,same_engine_full_cost,h3h5h7_longonly_test_market_legacy_hold90
V10 rank ensemble 5590+5591,retention target0.300/hold0.900,0.3,0.9,legacy,test,45.22780609902806,2.1174996439140465,0.1256958743428565,0.0541275637515627,48.498290963469344,0.0144266889112362,same_engine_full_cost,backtest_results_temporal_retention_20260531\h3h5h7_seed5590_5591_rankens_test_legacy\temporal_retention_summary.csv
V10 rank ensemble 5590+5591,retention target0.300/hold0.800,0.3,0.8,legacy,test,46.00319461483788,2.10874888357483,0.123685472382629,0.0818128238712956,27.822844537042712,0.0219335471927018,same_engine_full_cost,backtest_results_temporal_retention_20260531\h3h5h7_seed5590_5591_rankens_test_legacy\temporal_retention_summary.csv
V10 rank ensemble 5590+5591,retention target0.200/hold0.900,0.2,0.9,legacy,test,45.40625671562397,2.08026389236197,0.1273948322016306,0.053701261365742,49.22149943080176,0.0143110970193209,same_engine_full_cost,backtest_results_temporal_retention_20260531\h3h5h7_seed5590_5591_rankens_test_legacy\temporal_retention_summary.csv
V10 rank ensemble 5590+5591,retention target0.200/hold0.800,0.2,0.8,legacy,test,45.65855518951665,2.065541672137688,0.1272659584936832,0.07920130429638,29.049140992417698,0.0212254336599634,same_engine_full_cost,backtest_results_temporal_retention_20260531\h3h5h7_seed5590_5591_rankens_test_legacy\temporal_retention_summary.csv
V9 topfocus average_w3,retention target0.030/hold0.250,0.03,0.25,legacy,val,64.11805978591715,1.5842416696451131,0.1662201587515846,0.2187787817479565,7.852290159982467,0.0448277954055546,same_engine_full_cost,backtest_results_v9_retention_20260531\topfocus_avgw3_val_legacy_finegrid\v9_retention_summary.csv
V9 topfocus average_w3,retention target0.030/hold0.300,0.03,0.3,legacy,val,62.94697745117603,1.5782207145587472,0.1538762897865639,0.1974995392544755,8.724129534940346,0.0404506552246456,same_engine_full_cost,backtest_results_v9_retention_20260531\topfocus_avgw3_val_legacy_finegrid\v9_retention_summary.csv
V9 topfocus average_w3,retention target0.050/hold0.250,0.05,0.25,legacy,val,60.30902728886882,1.5402922119646112,0.1527112320654893,0.222210567661762,7.68538748232875,0.0455337137680244,same_engine_full_cost,backtest_results_v9_retention_20260531\topfocus_avgw3_val_legacy_finegrid\v9_retention_summary.csv
V9 topfocus average_w3,retention target0.050/hold0.300,0.05,0.3,legacy,val,57.57255310773402,1.5020508751240205,0.1529899794470323,0.2005714558378901,8.551408551408551,0.041082548465854,same_engine_full_cost,backtest_results_v9_retention_20260531\topfocus_avgw3_val_legacy_finegrid\v9_retention_summary.csv
V9 topfocus average_w3,retention target0.075/hold0.250,0.075,0.25,legacy,val,56.52426837022249,1.4834556635698728,0.1469310135076096,0.2288385935060493,7.433860680858113,0.0468970986841943,same_engine_full_cost,backtest_results_v9_retention_20260531\topfocus_avgw3_val_legacy_finegrid\v9_retention_summary.csv
V9 topfocus average_w3,retention target0.075/hold0.300,0.075,0.3,legacy,val,55.00044847161952,1.4621937311756514,0.1447108157269064,0.2045462578714182,8.354961832061068,0.0419001652441507,same_engine_full_cost,backtest_results_v9_retention_20260531\topfocus_avgw3_val_legacy_finegrid\v9_retention_summary.csv
V9 topfocus average_w3,retention target0.030/hold0.400,0.03,0.4,legacy,val,55.73078276770804,1.4619834420548474,0.1582654548801242,0.1648827346631864,10.49194729136164,0.0337413785202174,same_engine_full_cost,backtest_results_v9_retention_20260531\topfocus_avgw3_val_legacy_finegrid\v9_retention_summary.csv
V9 topfocus average_w3,retention target0.050/hold0.400,0.05,0.4,legacy,val,54.33208899400683,1.4528967438925344,0.1518982374375913,0.1670466392553104,10.328151986183077,0.0341864936948173,same_engine_full_cost,backtest_results_v9_retention_20260531\topfocus_avgw3_val_legacy_finegrid\v9_retention_summary.csv
V9 topfocus average_w3,retention target0.125/hold0.250,0.125,0.25,legacy,val,53.58154852990205,1.4524524070851443,0.1372373395280518,0.2440229756004571,6.923343819393042,0.050020526081014,same_engine_full_cost,backtest_results_v9_retention_20260531\topfocus_avgw3_val_legacy_finegrid\v9_retention_summary.csv
V9 topfocus average_w3,retention target0.100/hold0.250,0.1,0.25,legacy,val,54.12472466999185,1.4518166452837509,0.1434882006937727,0.2361941722420096,7.188374467062991,0.0484101412301813,same_engine_full_cost,backtest_results_v9_retention_20260531\topfocus_avgw3_val_legacy_finegrid\v9_retention_summary.csv
V9 topfocus average_w3,retention target0.150/hold0.250,0.15,0.25,legacy,val,52.45565619526475,1.436921384226793,0.1366766309670875,0.2525524161686074,6.667693792693792,0.0517750320058825,same_engine_full_cost,backtest_results_v9_retention_20260531\topfocus_avgw3_val_legacy_finegrid\v9_retention_summary.csv
V9 topfocus average_w3,retention target0.075/hold0.400,0.075,0.4,legacy,val,52.29563996310161,1.423288868672983,0.1481215019974419,0.1680871251409221,10.24181216478375,0.0344005216414876,same_engine_full_cost,backtest_results_v9_retention_20260531\topfocus_avgw3_val_legacy_finegrid\v9_retention_summary.csv
V9 topfocus average_w3,retention target0.100/hold0.300,0.1,0.3,legacy,val,52.164405120326165,1.4213117664348114,0.1435397945381911,0.2083144662474436,8.176217471484188,0.0426752857070991,same_engine_full_cost,backtest_results_v9_retention_20260531\topfocus_avgw3_val_legacy_finegrid\v9_retention_summary.csv
V9 topfocus average_w3,retention target0.150/hold0.300,0.15,0.3,legacy,val,50.96436128739077,1.4149758701945006,0.1359382215441121,0.2189205818030693,7.738420440346418,0.0448569636768913,same_engine_full_cost,backtest_results_v9_retention_20260531\topfocus_avgw3_val_legacy_finegrid\v9_retention_summary.csv
V9 topfocus average_w3,retention target0.125/hold0.300,0.125,0.3,legacy,val,50.97242288600856,1.4073664957338112,0.1402470271289606,0.2134452270783002,7.954026043050757,0.0437306832100063,same_engine_full_cost,backtest_results_v9_retention_20260531\topfocus_avgw3_val_legacy_finegrid\v9_retention_summary.csv
V9 topfocus average_w3,retention target0.030/hold0.500,0.03,0.5,legacy,val,50.72849045468144,1.3793829432460687,0.1587650673291144,0.138512690462186,12.616197183098592,0.0283170604280716,same_engine_full_cost,backtest_results_v9_retention_20260531\topfocus_avgw3_val_legacy_finegrid\v9_retention_summary.csv
V9 topfocus average_w3,retention target0.100/hold0.400,0.1,0.4,legacy,val,48.74723503711782,1.36140135999315,0.1464074819674048,0.1696759833884189,10.136155800169348,0.0347273497829977,same_engine_full_cost,backtest_results_v9_retention_20260531\topfocus_avgw3_val_legacy_finegrid\v9_retention_summary.csv
V9 topfocus average_w3,retention target0.050/hold0.500,0.05,0.5,legacy,val,48.7103308975487,1.3523762596532138,0.1541556101489542,0.1399603149807956,12.479131886477465,0.0286148367915496,same_engine_full_cost,backtest_results_v9_retention_20260531\topfocus_avgw3_val_legacy_finegrid\v9_retention_summary.csv
V9 topfocus average_w3,retention target0.075/hold0.500,0.075,0.5,legacy,val,47.5557916523254,1.342213399462408,0.1518653841491253,0.1401315039049659,12.447850208044382,0.0286500503532514,same_engine_full_cost,backtest_results_v9_retention_20260531\topfocus_avgw3_val_legacy_finegrid\v9_retention_summary.csv
V9 topfocus average_w3,retention target0.150/hold0.400,0.15,0.4,legacy,val,46.9068647558476,1.341411415878139,0.1418279683999909,0.1742612630541239,9.837377444267952,0.0356705418102332,same_engine_full_cost,backtest_results_v9_retention_20260531\topfocus_avgw3_val_legacy_finegrid\v9_retention_summary.csv
V9 topfocus average_w3,retention target0.125/hold0.400,0.125,0.4,legacy,val,46.91945546563272,1.333044291317585,0.1448799990913047,0.1713540087402446,10.02377762893503,0.0350725195978683,same_engine_full_cost,backtest_results_v9_retention_20260531\topfocus_avgw3_val_legacy_finegrid\v9_retention_summary.csv
V9 topfocus average_w3,retention target0.100/hold0.500,0.1,0.5,legacy,val,45.454860114509565,1.3019604182164817,0.1492580837647298,0.1403617443231671,12.420419174102513,0.0286974108072754,same_engine_full_cost,backtest_results_v9_retention_20260531\topfocus_avgw3_val_legacy_finegrid\v9_retention_summary.csv
V9 topfocus average_w3,retention target0.125/hold0.500,0.125,0.5,legacy,val,43.33625378480335,1.2654313572180602,0.1486516862375905,0.1409241885166406,12.346753568187443,0.0288131055778729,same_engine_full_cost,backtest_results_v9_retention_20260531\topfocus_avgw3_val_legacy_finegrid\v9_retention_summary.csv
V9 topfocus average_w3,retention target0.200/hold0.500,0.2,0.5,legacy,val,41.70961869287873,1.2462779310522063,0.1453169374014362,0.1440973240860081,12.033559407184123,0.0294658195644918,same_engine_full_cost,backtest_results_v9_retention_20260531\topfocus_avgw3_val_legacy_widegrid\v9_retention_summary.csv
V9 topfocus average_w3,retention target0.150/hold0.500,0.15,0.5,legacy,val,42.00182585145005,1.2427783413904474,0.1500068328258043,0.1416519562041911,12.257780507780508,0.0289628073912021,same_engine_full_cost,backtest_results_v9_retention_20260531\topfocus_avgw3_val_legacy_finegrid\v9_retention_summary.csv
V9 topfocus average_w3,retention target0.075/hold0.600,0.075,0.6,legacy,val,41.96011932482142,1.2261298328238208,0.1602502476641623,0.1150974907608861,15.31291588466132,0.0235005538495142,same_engine_full_cost,backtest_results_v9_retention_20260531\topfocus_avgw3_val_legacy_finegrid\v9_retention_summary.csv
V9 topfocus average_w3,retention target0.030/hold0.600,0.03,0.6,legacy,val,42.55375904023831,1.215350671734267,0.1745302258258885,0.1166353686898062,15.124525116082737,0.0238168953394931,same_engine_full_cost,backtest_results_v9_retention_20260531\topfocus_avgw3_val_legacy_finegrid\v9_retention_summary.csv
V9 topfocus average_w3,retention target0.250/hold0.500,0.25,0.5,legacy,val,39.92552434233201,1.2148385183738135,0.1450551893430397,0.1465988836019774,11.789479900783496,0.0299803903569267,same_engine_full_cost,backtest_results_v9_retention_20260531\topfocus_avgw3_val_legacy_widegrid\v9_retention_summary.csv
V9 topfocus average_w3,retention target0.300/hold0.500,0.3,0.5,legacy,val,39.74577428812454,1.2134156576560602,0.1419156379283964,0.1496586510434911,11.508070714834744,0.0306097845196461,same_engine_full_cost,backtest_results_v9_retention_20260531\topfocus_avgw3_val_legacy_widegrid\v9_retention_summary.csv
V9 topfocus average_w3,retention target0.125/hold0.600,0.125,0.6,legacy,val,40.54903924851983,1.2097137616476432,0.1501237175000558,0.1145762727708461,15.40928747940692,0.023393339308963,same_engine_full_cost,backtest_results_v9_retention_20260531\topfocus_avgw3_val_legacy_finegrid\v9_retention_summary.csv
V9 topfocus average_w3,retention target0.100/hold0.600,0.1,0.6,legacy,val,40.56081866376884,1.201852972422507,0.1557587319106228,0.1148168138676883,15.402470406587751,0.0234428186125834,same_engine_full_cost,backtest_results_v9_retention_20260531\topfocus_avgw3_val_legacy_finegrid\v9_retention_summary.csv
V9 topfocus average_w3,retention target0.150/hold0.600,0.15,0.6,legacy,val,39.99647032451734,1.2012378324737292,0.1489239528776627,0.1149928046615999,15.332166638210689,0.0234790199188911,same_engine_full_cost,backtest_results_v9_retention_20260531\topfocus_avgw3_val_legacy_finegrid\v9_retention_summary.csv
V9 topfocus average_w3,retention target0.050/hold0.600,0.05,0.6,legacy,val,41.20113402239453,1.1981385897068186,0.1691883124734746,0.1155253222855601,15.26288922919857,0.0235885587941397,same_engine_full_cost,backtest_results_v9_retention_20260531\topfocus_avgw3_val_legacy_finegrid\v9_retention_summary.csv
V9 topfocus average_w3,retention target0.250/hold0.600,0.25,0.6,legacy,val,38.97750447966568,1.1947753239633143,0.1461372172864383,0.1171862921609416,14.996043669871796,0.0239302202975057,same_engine_full_cost,backtest_results_v9_retention_20260531\topfocus_avgw3_val_legacy_widegrid\v9_retention_summary.csv
V9 topfocus average_w3,retention target0.200/hold0.600,0.2,0.6,legacy,val,39.30162197063143,1.194660233313705,0.1500280665964027,0.1157875950173222,15.211990346754732,0.0236425082950631,same_engine_full_cost,backtest_results_v9_retention_20260531\topfocus_avgw3_val_legacy_widegrid\v9_retention_summary.csv
V9 topfocus average_w3,retention target0.400/hold0.500,0.4,0.5,legacy,val,38.33191504440614,1.1880253734773158,0.1386498529062012,0.1614791484607852,10.550833461784071,0.0330412608383835,same_engine_full_cost,backtest_results_v9_retention_20260531\topfocus_avgw3_val_legacy_widegrid\v9_retention_summary.csv
V9 topfocus average_w3,retention target0.300/hold0.600,0.3,0.6,legacy,val,37.78356293716865,1.1739387988521286,0.1470786600947334,0.1184202419819654,14.802389289392378,0.0241840437756902,same_engine_full_cost,backtest_results_v9_retention_20260531\topfocus_avgw3_val_legacy_widegrid\v9_retention_summary.csv
V9 topfocus average_w3,retention target0.400/hold0.600,0.4,0.6,legacy,val,36.76641897504245,1.15598874269942,0.1438393963174677,0.122786825336493,14.175887573964497,0.0250822499717166,same_engine_full_cost,backtest_results_v9_retention_20260531\topfocus_avgw3_val_legacy_widegrid\v9_retention_summary.csv
V9 topfocus average_w3,retention target0.100/hold0.700,0.1,0.7,legacy,val,37.88363492307272,1.1461533055567894,0.1567738205241277,0.091550291810519,19.62426229508197,0.0186568950254237,same_engine_full_cost,backtest_results_v9_retention_20260531\topfocus_avgw3_val_legacy_widegrid\v9_retention_summary.csv
V9 topfocus average_w3,retention target0.300/hold0.700,0.3,0.7,legacy,val,36.24159778403244,1.1395700266092383,0.149024304899916,0.0924590408781079,19.36869340232859,0.0188438247086267,same_engine_full_cost,backtest_results_v9_retention_20260531\topfocus_avgw3_val_legacy_widegrid\v9_retention_summary.csv
V9 topfocus average_w3,retention target0.150/hold0.700,0.15,0.7,legacy,val,37.19915562445577,1.139320588369357,0.1505512231387095,0.0911176404089136,19.71254527494238,0.0185678986321135,same_engine_full_cost,backtest_results_v9_retention_20260531\topfocus_avgw3_val_legacy_widegrid\v9_retention_summary.csv
V9 topfocus average_w3,retention target0.250/hold0.700,0.25,0.7,legacy,val,36.319017071961966,1.1352747190518038,0.1496022179836944,0.0919861236585742,19.513913326816557,0.0187465456365687,same_engine_full_cost,backtest_results_v9_retention_20260531\topfocus_avgw3_val_legacy_widegrid\v9_retention_summary.csv
V9 topfocus average_w3,retention target0.200/hold0.700,0.2,0.7,legacy,val,35.95100283981325,1.1186595748101595,0.1509077644953557,0.0912709576327729,19.67214191852825,0.0185994359850613,same_engine_full_cost,backtest_results_v9_retention_20260531\topfocus_avgw3_val_legacy_widegrid\v9_retention_summary.csv
V9 topfocus average_w3,retention target0.400/hold0.700,0.4,0.7,legacy,val,34.97855778040697,1.1180490294550316,0.1480658499272344,0.0939016313875087,19.01293599460339,0.0191405655764105,same_engine_full_cost,backtest_results_v9_retention_20260531\topfocus_avgw3_val_legacy_widegrid\v9_retention_summary.csv
V9 topfocus average_w3,retention target0.300/hold0.800,0.3,0.8,legacy,val,34.00816079836198,1.0880718282397135,0.1499455897421459,0.0693688048120381,26.66033536132957,0.0140941631498362,same_engine_full_cost,backtest_results_v9_retention_20260531\topfocus_avgw3_val_legacy_widegrid\v9_retention_summary.csv
V9 topfocus average_w3,retention target0.100/hold0.800,0.1,0.8,legacy,val,34.890078255331545,1.082395492614883,0.1474381087489154,0.0700566170566296,26.194310722100656,0.0142356461285487,same_engine_full_cost,backtest_results_v9_retention_20260531\topfocus_avgw3_val_legacy_widegrid\v9_retention_summary.csv
V9 topfocus average_w3,retention target0.150/hold0.800,0.15,0.8,legacy,val,34.3079562986168,1.0744907670812276,0.1514647206011677,0.0698053480732866,26.39250551065393,0.014183960098675,same_engine_full_cost,backtest_results_v9_retention_20260531\topfocus_avgw3_val_legacy_widegrid\v9_retention_summary.csv
V9 topfocus average_w3,retention target0.400/hold0.800,0.4,0.8,legacy,val,32.972960441876985,1.0712524015208906,0.1506319113136909,0.0693897461578064,26.611774507081368,0.0140984707846607,same_engine_full_cost,backtest_results_v9_retention_20260531\topfocus_avgw3_val_legacy_widegrid\v9_retention_summary.csv
V9 topfocus average_w3,retention target0.250/hold0.800,0.25,0.8,legacy,val,33.457566242185386,1.0703122500527014,0.1519001775802953,0.0691515022968299,26.73819090990267,0.0140494640224579,same_engine_full_cost,backtest_results_v9_retention_20260531\topfocus_avgw3_val_legacy_widegrid\v9_retention_summary.csv
V9 topfocus average_w3,retention target0.200/hold0.800,0.2,0.8,legacy,val,33.51926046574884,1.0625519755687929,0.1518886547212311,0.0693640120490971,26.599444752915048,0.0140931772784992,same_engine_full_cost,backtest_results_v9_retention_20260531\topfocus_avgw3_val_legacy_widegrid\v9_retention_summary.csv
V9 topfocus average_w3,retention target0.150/hold0.900,0.15,0.9,legacy,val,32.86628018637228,1.041839944938459,0.1483821950087931,0.0471534373619156,41.24018369690012,0.009524462065346,same_engine_full_cost,backtest_results_v9_retention_20260531\topfocus_avgw3_val_legacy_widegrid\v9_retention_summary.csv
V9 topfocus average_w3,retention target0.100/hold0.900,0.1,0.9,legacy,val,32.376852630120844,1.023960024020901,0.1539632663625315,0.0477927649213511,40.49661705006766,0.0096559717443219,same_engine_full_cost,backtest_results_v9_retention_20260531\topfocus_avgw3_val_legacy_widegrid\v9_retention_summary.csv
V9 topfocus average_w3,retention target0.200/hold0.900,0.2,0.9,legacy,val,31.264106943876023,1.01173163916575,0.1496685345869304,0.0463715199017111,42.05196629213483,0.0093636216437819,same_engine_full_cost,backtest_results_v9_retention_20260531\topfocus_avgw3_val_legacy_widegrid\v9_retention_summary.csv
V10 rank ensemble 5590+5591,retention target0.200/hold0.800,0.2,0.8,legacy,val,33.97396478226771,1.0117072528379436,0.1735750513666152,0.0652781462564181,28.726920674578388,0.0132527146849452,same_engine_full_cost,backtest_results_temporal_retention_20260531\h3h5h7_seed5590_5591_rankens_val_legacy\temporal_retention_summary.csv
V9 topfocus average_w3,retention target0.250/hold0.900,0.25,0.9,legacy,val,30.80693269216264,1.0045210596198444,0.1518441312686629,0.0461952446485243,42.35374823196605,0.0093273618242014,same_engine_full_cost,backtest_results_v9_retention_20260531\topfocus_avgw3_val_legacy_widegrid\v9_retention_summary.csv
V9 topfocus average_w3,retention target0.300/hold0.900,0.3,0.9,legacy,val,30.46566420247745,1.001502642075678,0.1515567292079701,0.0460147025615732,42.670466690416816,0.0092902243169156,same_engine_full_cost,backtest_results_v9_retention_20260531\topfocus_avgw3_val_legacy_widegrid\v9_retention_summary.csv
V10 seed5590,retention target0.300/hold0.800,0.3,0.8,legacy,val,32.65292257361387,0.991358482898356,0.167256263899736,0.0715429217772231,26.00233662470792,0.0145413790095747,same_engine_full_cost,h3h5h7_longonly_val_market_legacy_t30h80
V10 rank ensemble 5590+5591,retention target0.300/hold0.800,0.3,0.8,legacy,val,31.93811837292262,0.9859447406802948,0.1650035166982928,0.0661690292682896,28.3019936007876,0.0134359693204871,same_engine_full_cost,backtest_results_temporal_retention_20260531\h3h5h7_seed5590_5591_rankens_val_legacy\temporal_retention_summary.csv
V9 topfocus average_w3,retention target0.400/hold0.900,0.4,0.9,legacy,val,29.32522105869215,0.9819028648331186,0.1521819195725646,0.0457310570752391,43.015082143819015,0.0092318784403766,same_engine_full_cost,backtest_results_v9_retention_20260531\topfocus_avgw3_val_legacy_widegrid\v9_retention_summary.csv
V10 seed5590,retention target0.200/hold0.800,0.2,0.8,legacy,val,32.72039742013819,0.9725705583616696,0.173885411455439,0.0702195589111626,26.720776202649315,0.0142691632680261,same_engine_full_cost,h3h5h7_longonly_val_market_legacy_one
V10 rank ensemble 5590+5591,retention target0.300/hold0.900,0.3,0.9,legacy,val,30.091377008922105,0.9529763249510572,0.1643468660615195,0.043539532335641,45.80098247477429,0.0087810818014413,same_engine_full_cost,backtest_results_temporal_retention_20260531\h3h5h7_seed5590_5591_rankens_val_legacy\temporal_retention_summary.csv
V10 seed5590,retention target0.200/hold0.900,0.2,0.9,legacy,val,31.300888078063814,0.9481430707021504,0.1758682613952322,0.0464838897637661,42.6244670991659,0.0093867361244066,same_engine_full_cost,h3h5h7_longonly_val_market_legacy_hold90
V10 rank ensemble 5590+5591,retention target0.200/hold0.900,0.2,0.9,legacy,val,30.292217377785448,0.9390115546958852,0.1719577055947125,0.0435641601182112,45.79032258064516,0.008786147736316,same_engine_full_cost,backtest_results_temporal_retention_20260531\h3h5h7_seed5590_5591_rankens_val_legacy\temporal_retention_summary.csv
