date,up_ratio,n,up_ma3,up_ma5
2023-12-04,0.4382936507936508,5040,,
2023-12-05,0.0884920634920635,5040,,
2023-12-06,0.6230906566157508,5041,0.38329212363382165,
2023-12-07,0.344574489188653,5041,0.3520524030988224,
2023-12-08,0.2627925426418088,5042,0.4101525628154042,0.35144868054638534
2023-12-11,0.7690325138778747,5044,0.4587998485694455,0.41759645316323013
2023-12-12,0.5742613523696213,5043,0.5353621362964349,0.5147503109387418
2023-12-13,0.27333994053518335,5045,0.5388779355942265,0.4448001677226282
2023-12-14,0.3767340467697186,5046,0.4081117798915077,0.45123207923884134
2023-12-15,0.2971258671952428,5045,0.3157332848333816,0.45809874414952817
2023-12-18,0.132408325074331,5045,0.26875607967976417,0.3307739063888194
2023-12-19,0.5246876859012493,5043,0.31807395939027433,0.320859173095145
2023-12-20,0.2001982160555005,5045,0.2857647423436936,0.30623082819920844
2023-12-21,0.6909811694747274,5045,0.4719556904771591,0.3690802527402102
2023-12-22,0.1904478795085216,5046,0.36054242167958317,0.3477446552028659
2023-12-25,0.3627179080824089,5048,0.41471565235521934,0.39380657180448153
2023-12-26,0.13368983957219252,5049,0.228951875721041,0.3156070025386702
2023-12-27,0.7204513957632152,5051,0.40561971447260553,0.4196576384802131
2023-12-28,0.8403644285997227,5049,0.5648352213117102,0.4495342903052122
2023-12-29,0.8089865399841647,5052,0.7899341214490342,0.5732420224003408
2024-01-02,0.5232535127646942,5053,0.7242014937828606,0.6053491433367978
2024-01-03,0.3657233326736592,5053,0.5659877951408393,0.6517558419570911
2024-01-04,0.34922833399287695,5054,0.4127350598104101,0.5775112296030236
2024-01-05,0.09495548961424333,5055,0.2699690520935932,0.4284294418059277
2024-01-08,0.07200791295746785,5055,0.17206391218819606,0.28103371640058833
2024-01-09,0.6700296735905045,5055,0.27899769205407193,0.3103889485657504
2024-01-10,0.22250791139240506,5056,0.32151516598012586,0.28174586430949955
2024-01-11,0.8504746835443038,5056,0.5810040895090712,0.3819951342197849
2024-01-12,0.2743275316455696,5056,0.44910337552742624,0.4178695426260502
2024-01-15,0.38461538461538464,5057,0.503139199935086,0.4803910369576336
2024-01-16,0.27995255041518385,5058,0.31296515555871274,0.4023756123225694
2024-01-17,0.048033208143901954,5059,0.2375337143914902,0.3674806716728688
2024-01-18,0.2873517786561265,5060,0.20511251240507078,0.2548560906952333
2024-01-19,0.1655799249160245,5061,0.16698830390535102,0.2331065693493243
2024-01-22,0.023898874185265654,5063,0.15894352591913893,0.16096326726330049
2024-01-23,0.5486865494765949,5063,0.2460551161926284,0.21471006707558268
2024-01-24,0.7671341102113372,5063,0.4465731779577326,0.35853024748906975
2024-01-25,0.9451243584682195,5066,0.7536483393853839,0.4900847634514883
2024-01-26,0.409279368213228,5065,0.7071792789642616,0.538824652110929
2024-01-29,0.0929727595736281,5066,0.48245882875169194,0.5526394291886014
2024-01-30,0.04600197433366239,5065,0.1827513673735062,0.4521025141600151
2024-01-31,0.06573233320173708,5066,0.06823568903634257,0.31182215875809505
2024-02-01,0.212001579155152,5066,0.10791196223018386,0.16519760289548152
2024-02-02,0.07226061204343534,5065,0.11666484146677485,0.09779385166152299
2024-02-05,0.07540465850769838,5066,0.11988894990209527,0.09428023144833704
2024-02-06,0.7093528018942383,5068,0.2856726908151241,0.22695039696045222
2024-02-07,0.4187056037884767,5068,0.4011543547301379,0.29754505107780016
2024-02-08,0.914381534819491,5069,0.6808133135007354,0.43802104221066795
2024-02-19,0.7905738513113785,5071,0.7078869966397822,0.5816836900642566
2024-02-20,0.6572668112798264,5071,0.7874073991368987,0.6980561206186822
2024-02-21,0.7783474659830408,5071,0.7420627095247486,0.7118550534364427
2024-02-22,0.8773417471899033,5071,0.7709853414842569,0.803582282116728
2024-02-23,0.8487179487179487,5070,0.8348023872969644,0.7904495648964195
2024-02-26,0.6979680410337344,5069,0.8080092456471956,0.7719284028408907
2024-02-27,0.9400394477317554,5070,0.8289084791611462,0.8284829301312765
2024-02-28,0.04537384099427895,5069,0.561127109919923,0.6818882051335242
2024-02-29,0.9800788954635109,5070,0.6551640613965152,0.7024356347882457
2024-03-01,0.6712031558185404,5070,0.5655519640921102,0.666932676208364
2024-03-04,0.40011831985801616,5071,0.6838001237133559,0.6073627319732203
2024-03-05,0.177085387497535,5071,0.41613562105803054,0.45477191992637633
2024-03-06,0.6351084812623274,5070,0.4041040628726263,0.5727188479799861
2024-03-07,0.2913214990138067,5070,0.36783845592455644,0.43496736869004515
2024-03-08,0.6901991717609939,5071,0.5388763840123761,0.43876657187853585
2024-03-11,0.8420118343195266,5070,0.6078441683647758,0.5271452747708378
2024-03-12,0.7028785488958991,5072,0.7450298516588066,0.6323039070505108
2024-03-13,0.43257097791798105,5072,0.659153787044469,0.5917964063816414
2024-03-14,0.2920772566022862,5074,0.47584226113872213,0.5919475578993374
2024-03-15,0.814902424600828,5073,0.5131835530403651,0.6168882084673042
2024-03-18,0.8718454258675079,5072,0.6596083690235407,0.6228549267769005
2024-03-19,0.33011430823807647,5074,0.6722873862354709,0.548302078645336
2024-03-20,0.7340823970037453,5073,0.6453473770364433,0.6086043624624887
2024-03-21,0.42561576354679803,5075,0.49660415626287335,0.6353120638513912
2024-03-22,0.1735960591133005,5075,0.44443140655461466,0.5070507907538857
2024-03-25,0.1400985221674877,5075,0.24643678160919547,0.36070141001388156
2024-03-26,0.4839408866995074,5075,0.2658784893267653,0.3914667257061678
2024-03-27,0.09456264775413711,5076,0.23953401887371084,0.26356277585624616
2024-03-28,0.8614778325123152,5075,0.47999378898865336,0.3507351896493496
2024-03-29,0.7413317572892041,5076,0.5657907458518855,0.4642823292845303
2024-04-01,0.8749753888560741,5079,0.825928326219198,0.6112577026222475
2024-04-02,0.43315613309706635,5079,0.6831544264141148,0.6011007519017594
2024-04-03,0.3341208899389644,5079,0.5474174706307017,0.6490124003387249
2024-04-08,0.15255905511811024,5080,0.30661202605138044,0.5072286448598838
2024-04-09,0.7764659582841401,5082,0.42104863444707163,0.5142554850588711
2024-04-10,0.1430539157811885,5082,0.3573596430611463,0.36787119044389394
2024-04-11,0.5153482880755608,5082,0.4782893873802965,0.3843096214395928
2024-04-12,0.28467440487900847,5083,0.31435886957858594,0.37442032442760165
2024-04-15,0.23593073593073594,5082,0.34531780962843506,0.39109466059012676
2024-04-16,0.05115089514066496,5083,0.19058534531680316,0.24603164796143173
2024-04-17,0.9618260527351437,5082,0.41630256126884824,0.4097860753522228
2024-04-18,0.39472648563557655,5082,0.46923447783712846,0.38566171486422596
2024-04-19,0.3183785911058638,5082,0.5583103764921947,0.39240255210959696
2024-04-22,0.3593780751820508,5081,0.35749438397449707,0.41709201995985995
2024-04-23,0.6031496062992125,5080,0.4269687575290424,0.5274917621915695
2024-04-24,0.7938976377952756,5080,0.5854751064255129,0.4939060792035958
2024-04-25,0.5631029730261863,5079,0.6533834057068915,0.5275813766817178
2024-04-26,0.7393533123028391,5072,0.6987846410414337,0.6117763209211129
2024-04-29,0.8529992107340174,5068,0.7184851653543477,0.7105005480315062
2024-04-30,0.35732647814910024,5057,0.6498930003953189,0.6613359224014838
2024-05-06,0.8523912615626845,5081,0.6875723168152673,0.6730346471549655
2024-05-07,0.5780358197205274,5081,0.5959178531441041,0.6760212164938337
2024-05-08,0.1772002362669817,5079,0.5358757725167312,0.5635906012866623
2024-05-09,0.8173587876402283,5081,0.5241982812092458,0.5564625166679045
2024-05-10,0.2603305785123967,5082,0.41829653413986884,0.5370633367405637
2024-05-13,0.21318897637795275,5080,0.4302927808435259,0.4092228797036174
2024-05-14,0.6571597167584579,5084,0.3768930905496024,0.42504765911120346
2024-05-15,0.24896755162241888,5085,0.3731054149196098,0.4394011221822908
2024-05-16,0.5384464110127827,5085,0.4815245597978865,0.3836186468568018
2024-05-17,0.770546598505702,5086,0.5193201870469678,0.48566185085546276
2024-05-20,0.5236127508854782,5082,0.610868586801321,0.5477466057569679
2024-05-21,0.215929203539823,5085,0.5033628509770011,0.459500503113241
2024-05-22,0.5699960676366497,5086,0.43651267402065025,0.5237062063160872
2024-05-23,0.1026346834447503,5086,0.2961866515404077,0.43654386080248064
2024-05-24,0.24655918206842312,5086,0.30639664438327435,0.3317463775150249
2024-05-27,0.6449645948072384,5084,0.3313861534401373,0.35601674629937696
2024-05-28,0.20476003147128247,5084,0.36542793611564806,0.35378291188566885
2024-05-29,0.5166240409207161,5083,0.45544955573307905,0.3431085065424821
2024-05-30,0.3191028919929176,5083,0.34682898812830537,0.38640214825211555
2024-05-31,0.6158536585365854,5084,0.48386019715007306,0.46026104354574804
2024-06-03,0.17246804326450343,5085,0.3691415312646688,0.365761733237201
2024-06-04,0.3857957898878615,5083,0.3913724972296501,0.4019688849205168
2024-06-05,0.12586037364798427,5085,0.22804140226678307,0.3238161514659704
2024-06-06,0.09437672040896579,5086,0.2020109613149372,0.2788709171491801
2024-06-07,0.7628886265249901,5082,0.32770857352731336,0.30827791074686106
2024-06-11,0.5610859728506787,5083,0.4727837732615449,0.38600149666409606
2024-06-12,0.7493118364136846,5086,0.6910954785964512,0.45870470596926066
2024-06-13,0.32586477987421386,5088,0.5454208630461924,0.49870558721450664
2024-06-14,0.48290766208251473,5090,0.519361426123471,0.5764117755492164
2024-06-17,0.30222047553546866,5089,0.3703309724973991,0.4842781453513121
2024-06-18,0.7476910984476322,5089,0.5109397453552053,0.5215991704707028
2024-06-19,0.2724950884086444,5090,0.4408022207972484,0.42623582086969475
2024-06-20,0.15169974454706228,5089,0.3906286438011129,0.3914028138042644
2024-06-21,0.4223968565815324,5090,0.28219722984574636,0.379300652704068
2024-06-24,0.06049891966214889,5091,0.21153184026358118,0.330956341529404
2024-06-25,0.5265434526150217,5086,0.336479742952901,0.28672681236288194
2024-06-26,0.8992339422510313,5091,0.49542543817606727,0.41207458313135936
2024-06-27,0.09723040659988215,5091,0.5076692671553117,0.4011807155419233
2024-06-28,0.5627331631651286,5093,0.5197325040053473,0.42924797685864247
2024-07-01,0.6741308190925162,5091,0.44469812961917565,0.551974356744716
2024-07-02,0.45993715632364496,5092,0.5656003795270966,0.5386530974864406
2024-07-03,0.25216025137470544,5092,0.4620760755969555,0.4092383593111755
2024-07-04,0.07479387514723204,5094,0.2622970942818608,0.4047510530206454
2024-07-05,0.7439623011977223,5093,0.3569721425732199,0.44099688062716413
2024-07-08,0.08642702808878414,5091,0.30172773481124615,0.32345612242641775
2024-07-09,0.7967798939721186,5093,0.5423897410862083,0.3908246699561125
2024-07-10,0.28641539065567334,5094,0.3898741042388587,0.39767569781230605
2024-07-11,0.9311089303238469,5095,0.6714347383172129,0.568938708847629
2024-07-12,0.36408243375858684,5095,0.527202251579369,0.492962735359802
2024-07-15,0.1642464678178964,5096,0.48647927730011004,0.5085266233056245
2024-07-16,0.4368131868131868,5096,0.32171402946322336,0.43653328187383805
2024-07-17,0.27463682764036124,5094,0.29189882742381484,0.4341775692707756
2024-07-18,0.41421279937181,5094,0.37522093794178596,0.33079834308036826
2024-07-19,0.593952483801296,5093,0.42760070360448904,0.3767723530889101
2024-07-22,0.5554682898095425,5093,0.5212111909942162,0.4550167174872393
2024-07-23,0.10404397330192383,5094,0.41782158230425415,0.38846287478498664
2024-07-24,0.149195131527287,5094,0.2695691315462511,0.3633745355623718
2024-07-25,0.6320439819359905,5093,0.29509436225506713,0.406940772075208
2024-07-26,0.8433758586849853,5095,0.541538324049421,0.45682544705194583
2024-07-29,0.4474975466143278,5095,0.6409724624117679,0.4352312984129029
2024-07-30,0.6281397174254317,5096,0.6396710409082483,0.5400504472376045
2024-07-31,0.9499509322865555,5095,0.6751960654421049,0.7002016073894582
2024-08-01,0.41323125245386727,5094,0.6637739673886182,0.6564390614930335
2024-08-02,0.18756131057484796,5097,0.5169144984384236,0.5252761518710061
2024-08-05,0.09633117520109868,5097,0.23237457940993797,0.4550428775883602
2024-08-06,0.8915260886622205,5098,0.39180619147938905,0.507720151835718
2024-08-07,0.4055697195528535,5099,0.46447566113872424,0.3988439092889776
2024-08-08,0.4423529411764706,5100,0.5798162497971816,0.40466824703349824
2024-08-09,0.23509803921568628,5100,0.36100689998167007,0.4141755927616659
2024-08-12,0.2788235294117647,5100,0.3187581699346405,0.4506740636037991
2024-08-13,0.7049019607843138,5100,0.40627450980392155,0.41334923802821777
2024-08-14,0.25372549019607843,5100,0.41248366013071897,0.38298039215686275
2024-08-15,0.7303018424147393,5102,0.5629764311317105,0.44057017240451646
2024-08-16,0.3096824774598197,5102,0.43123660335687913,0.4554870600533432
2024-08-19,0.36377891023128184,5102,0.4679210767019469,0.47247813621724666
2024-08-20,0.10582010582010581,5103,0.25976049783706906,0.35266176522440495
2024-08-21,0.3497942386831276,5103,0.273131084911505,0.3718755149218148
2024-08-22,0.1477562218302959,5103,0.20112352211117637,0.2553663908049262
2024-08-23,0.3494023123652753,5103,0.28231759095956627,0.2633103577860173
2024-08-26,0.7223746081504702,5104,0.4065110474486804,0.335029497369855
2024-08-27,0.19651253918495298,5104,0.42276315323356606,0.3531679840428244
2024-08-28,0.6406035665294925,5103,0.5198302379549719,0.4113298496120974
2024-08-29,0.7891436409954928,5103,0.542086582236646,0.5396073334451368
2024-08-30,0.875,5104,0.768249069174995,0.6447268709720817
2024-09-02,0.15618263766411913,5103,0.6067754262198706,0.5314884768748115
2024-09-03,0.7397609249461101,5103,0.5903145208700763,0.6401381540270428
2024-09-04,0.24583741429970618,5105,0.3805936589699784,0.5611849235810856
2024-09-05,0.7424598511555033,5106,0.5760193968004398,0.5518481656130877
2024-09-06,0.09966712355590367,5107,0.3626547963370376,0.39678159032426846
2024-09-09,0.367358934169279,5104,0.40316196962689527,0.4390168496253004
2024-09-10,0.6273510971786834,5104,0.3647923849679553,0.4165348840718151
2024-09-11,0.30056784805169373,5107,0.43175929313321865,0.42748097082221265
2024-09-12,0.3615896632732968,5108,0.4298362028345579,0.35130693324577134
2024-09-13,0.17678151918559123,5108,0.2796463435035272,0.3667298123717089
2024-09-18,0.2899118511263467,5105,0.2760943445284115,0.3512403957631224
2024-09-19,0.8995889606576629,5109,0.45542744365653354,0.4056879684589183
2024-09-20,0.3057948316366484,5108,0.4984318811402193,0.40673336517590924
2024-09-23,0.4933463796477495,5110,0.5662433906473536,0.4330847084507997
2024-09-24,0.9669340637839953,5111,0.588691758356131,0.5911152173704806
2024-09-25,0.7748875415607276,5113,0.7450559949974908,0.6881103554573567
2024-09-26,0.9634265597496577,5113,0.9017493883647935,0.7008778752757557
2024-09-27,0.9777126099706744,5115,0.9053422370936866,0.835261430942561
2024-09-30,0.998434748581491,5111,0.9798579727672744,0.9362791047293092
2024-10-08,0.9412685982772122,5108,0.9724719856097925,0.9311460116279526
2024-10-09,0.05501174628034456,5108,0.6649050310463492,0.787170852571876
2024-10-10,0.5701702877275396,5109,0.5221502107616988,0.7085195981674524
2024-10-11,0.08281127642913078,5108,0.23599777014567158,0.5295393314591437
2024-10-14,0.9385638818235179,5111,0.5305151486600627,0.517565158107549
2024-10-15,0.14612676056338028,5112,0.38916730627200957,0.3585367905647826
2024-10-16,0.4974579585451701,5114,0.527382866977356,0.4470260330177478
2024-10-17,0.31014266171584914,5117,0.31790912694146645,0.39502050781540965
2024-10-18,0.9505569669728356,5117,0.5860525290779516,0.5685696459241506
2024-10-21,0.6941567324604261,5117,0.6516187870497036,0.5196882160515323
2024-10-22,0.6908344733242134,5117,0.7785160575858251,0.6286297586036989
2024-10-23,0.4994133750488854,5114,0.6281348602778415,0.6290208419044419
2024-10-24,0.37641767696519357,5114,0.5222218417794308,0.6422758449543108
2024-10-25,0.8226783968719452,5115,0.5661698162953414,0.6167001309341328
2024-10-28,0.7920172177656036,5111,0.6637044305342474,0.6362722279951682
2024-10-29,0.1708080610448053,5111,0.595167891894118,0.5322669455392867
2024-10-30,0.43198277549422587,5109,0.4649360181015449,0.5187808256283548
2024-10-31,0.6773625513598122,5111,0.42671779596628107,0.5789698005072784
2024-11-01,0.18398903895087101,5109,0.4311114552683029,0.4512319289230636
2024-11-04,0.8367906066536204,5110,0.5660473989881011,0.46018660670066697
2024-11-05,0.9462155290436143,5113,0.6556650582160352,0.6152681003004288
2024-11-06,0.513687915526007,5114,0.7655646837410804,0.6316091283067851
2024-11-07,0.8507433489827856,5112,0.7702155978508022,0.6662852878313796
2024-11-08,0.42139225655064527,5114,0.5952745070198125,0.7137659313513345
2024-11-11,0.7523977294969662,5109,0.6748444450101322,0.6968873559200036
2024-11-12,0.2741682974559687,5110,0.48265276116786,0.5624779096024746
2024-11-13,0.4782778864970646,5110,0.5016146378166665,0.555395903796686
2024-11-14,0.08334963803560946,5111,0.2785986073295475,0.4019171616072509
2024-11-15,0.15646391550948563,5113,0.23936381334738646,0.34893149339901897
2024-11-18,0.2066536203522505,5110,0.14882239129911512,0.23978267157007577
2024-11-19,0.8714788732394366,5112,0.4115321363670575,0.35924478672676935
2024-11-20,0.8500195541650372,5114,0.6427173492522414,0.43359312026036384
2024-11-21,0.4649980445834963,5114,0.7288321573293232,0.5099228015699413
2024-11-22,0.0772238514173998,5115,0.4640804833886443,0.4940747887515241
2024-11-25,0.708056315995307,5114,0.41675940399873435,0.5943553278801353
2024-11-26,0.28959718420023467,5114,0.3582924505376471,0.47797899007229494
2024-11-27,0.8120477214942304,5113,0.6032337405632573,0.4703846235381336
2024-11-28,0.4678145177069067,5111,0.5231531411337905,0.47094791816281567
2024-11-29,0.8068426197458456,5115,0.6955682863156608,0.6168716718285049
2024-12-02,0.8681791511832584,5113,0.7142787628786702,0.6488962388660952
2024-12-03,0.45530999413260315,5113,0.7101105883539024,0.6820388008525688
2024-12-04,0.18172926447574336,5112,0.501739469930535,0.5559751094488714
2024-12-05,0.718028940164255,5114,0.45168939959086724,0.6060179939403411
2024-12-06,0.6964006259780907,5112,0.532052943539363,0.5839295951867901
2024-12-09,0.3913894324853229,5110,0.6019396662092229,0.48857165144720305
2024-12-10,0.5441032661842362,5113,0.5439644415492166,0.5063303058575297
2024-12-11,0.7398787404654802,5113,0.5584571463783464,0.617960201055477
2024-12-12,0.6659495403872482,5113,0.6499771823456548,0.6075443211000756
2024-12-13,0.15900645413651476,5113,0.5216115783297477,0.5000654867317605
2024-12-16,0.33457103771741253,5117,0.3865090107470585,0.4887018077781783
2024-12-17,0.10226828314430973,5114,0.19861525833274565,0.4003348111701931
2024-12-18,0.5382209188660801,5115,0.32502007990926746,0.3600032468503131
2024-12-19,0.4387954634337114,5114,0.35976155514803376,0.31457243145960573
2024-12-20,0.6729867083659109,5116,0.5500010302219008,0.4173684823054849
2024-12-23,0.10305044974579586,5114,0.40494420718180607,0.37106436471116155
2024-12-24,0.7344025034226481,5113,0.5034798871781183,0.4974912087668293
2024-12-25,0.17338551859099804,5110,0.33694615725314736,0.42452412871181283
2024-12-26,0.6877199843566679,5114,0.5318360021234381,0.47430903289640425
2024-12-27,0.6694053208137715,5112,0.5101702745871458,0.4735927553859763
2024-12-30,0.2539154267815192,5108,0.5370135773173196,0.5037657507931209
2024-12-31,0.11406769712385052,5111,0.3457961482397138,0.37969878953336145
2025-01-02,0.1642200039146604,5109,0.1774010426066767,0.37786568659809394
2025-01-03,0.09823874755381605,5110,0.12550881619744234,0.2599694392375235
2025-01-06,0.42935420743639924,5110,0.23060431963495856,0.21195921656204905
2025-01-07,0.8155320813771518,5112,0.447708345455789,0.3242825474811756
2025-01-08,0.35406885758998435,5112,0.5329850488011785,0.37228277957440237
2025-01-09,0.49168785448855856,5113,0.5537629311518982,0.437776349689182
2025-01-10,0.10015649452269171,5112,0.3153044022004115,0.43815989908295716
2025-01-13,0.5790297339593115,5112,0.39029136099018724,0.4680950043875396
2025-01-14,0.9927663734115347,5115,0.5573175339645126,0.5035418627944162
2025-01-15,0.30518084066471163,5115,0.6256589826785194,0.49376425940936153
2025-01-16,0.6173998044965787,5115,0.6384490061909417,0.5189066494109656
2025-01-17,0.4995112414467253,5115,0.47403062886933856,0.5987775987957724
2025-01-20,0.684395776300352,5114,0.600435607414552,0.6198508072639805
2025-01-21,0.37099296325254105,5116,0.5182999936665394,0.4954961252321818
2025-01-22,0.19363032434544744,5118,0.4163396879661135,0.47318602196832893
2025-01-23,0.4329816334505666,5118,0.33253497368285173,0.43630238775912644
2025-01-24,0.7401759530791789,5115,0.455595970291731,0.4844353300856172
2025-01-27,0.3478685960109503,5114,0.5070087275135653,0.4171298940277369
2025-02-05,0.6428850664581705,5116,0.5769765385160999,0.4715083146688627
2025-02-06,0.8880203244088333,5117,0.6262579956259847,0.6103863146815399
2025-02-07,0.7658784444010163,5117,0.7655946117560067,0.6769656768716299
2025-02-10,0.7614768509474507,5119,0.8051252065857667,0.6812258564452842
2025-02-11,0.32063305978898005,5118,0.615996118379149,0.6757787492008902
2025-02-12,0.6608050019538882,5118,0.5809716375634396,0.6793627363000337
2025-02-13,0.2166438757569838,5119,0.39936064583328407,0.5450874465696638
2025-02-14,0.4491989058225869,5118,0.4422159278444863,0.4817515388539779
2025-02-17,0.6774697383834439,5122,0.4477708399876716,0.46495011634117656
2025-02-18,0.13571568053114627,5121,0.4207947749123924,0.42796664048960986
2025-02-19,0.8582308142940832,5121,0.5571387444028911,0.46745180295764877
2025-02-20,0.621484375,5120,0.5384769566084099,0.5484199028062521
2025-02-21,0.5271378367825068,5122,0.6689510086921966,0.5640076889982361
2025-02-24,0.5210001953506544,5119,0.5565408023777204,0.5327137803916782
2025-02-25,0.2849325776822357,5117,0.4443568699384656,0.562557159821896
2025-02-26,0.7917155138726065,5118,0.5325494289684989,0.5492540997376006
2025-02-27,0.3858483189992181,5116,0.4874988035180201,0.5021268885374444
2025-02-28,0.09947234707836623,5117,0.4256787266500636,0.4165937905966162
2025-03-03,0.5877982010168166,5114,0.357706289031467,0.42995339172984864
2025-03-04,0.7499022291748142,5114,0.4790575924233324,0.5229473220283644
2025-03-05,0.4271464893408958,5113,0.5882823065108421,0.45003351712202216
2025-03-06,0.8198004304441401,5111,0.6656163829866167,0.5368239394110066
2025-03-07,0.31128937585599686,5111,0.519412098547011,0.5791873451665326
2025-03-10,0.6025039123630673,5112,0.5778645728877349,0.5821284874357829
2025-03-11,0.5370623899863094,5113,0.4836185594017912,0.5395605195980819
2025-03-12,0.48884976525821594,5112,0.5428053558691975,0.5519011747815459
2025-03-13,0.2706296441141963,5114,0.4321805997862405,0.4420670175155572
2025-03-14,0.8357450136879155,5114,0.5317414743534427,0.546958145081941
2025-03-17,0.5752298963020935,5111,0.5605348513680685,0.5415033418697461
2025-03-18,0.5545347928068803,5116,0.6551699009322965,0.5449978224338603
2025-03-19,0.2871112849599061,5113,0.4722919913562933,0.5046501263741984
2025-03-20,0.3795463433711381,5114,0.4070641403793082,0.5264334662255867
2025-03-21,0.18654673445443878,5114,0.28440145426182767,0.3965938103788914
2025-03-24,0.2505868544600939,5112,0.27222664409522357,0.33166520201049143
2025-03-25,0.44661712944857257,5114,0.29458357278770175,0.31008166933882986
2025-03-26,0.6756598240469208,5115,0.45762126931852903,0.3877913771562328
2025-03-27,0.3472140762463343,5115,0.48983034324727587,0.3813249237312721
2025-03-28,0.1771607352366054,5114,0.4000115451766202,0.37944772388770537
2025-03-31,0.23929618768328445,5115,0.2545569997220747,0.3771895905323435
2025-04-01,0.7144253322908523,5116,0.376960751736914,0.43075123110079944
2025-04-02,0.5141684580809068,5117,0.4892966593516812,0.3984529579075966
2025-04-03,0.3738518663279265,5117,0.5341485522332285,0.40378051592391506
2025-04-07,0.017595307917888565,5115,0.30187187744224064,0.37186743046017173
2025-04-08,0.5962854349951124,5115,0.32924420308030916,0.4432652799225373
2025-04-09,0.8376001563416064,5117,0.4838269664182025,0.4679002447326882
2025-04-10,0.9177252296267344,5117,0.7838702736544846,0.5486115990418537
2025-04-11,0.6110242376856919,5116,0.7887832078846776,0.5960460733134069
2025-04-14,0.844574780058651,5115,0.7911080824570259,0.7614419677415593
2025-04-15,0.4510072364560923,5113,0.6355354180668118,0.7323863280337551
2025-04-16,0.1843236903831118,5116,0.493301902299285,0.6017310348420563
2025-04-17,0.5726295210166178,5115,0.4026534826186073,0.532711893120033
2025-04-18,0.43175596402033634,5114,0.3962363918066886,0.49685823838696186
2025-04-21,0.8120844739929605,5114,0.6054899863433049,0.4903601771738238
2025-04-22,0.48024256651017216,5112,0.5746943348411563,0.4962072431846397
2025-04-23,0.5917090340242471,5114,0.6280120248424599,0.5776843119128667
2025-04-24,0.2945433209466067,5113,0.455498307160342,0.5220670718988646
2025-04-25,0.5299295774647887,5112,0.47206064414521415,0.541701794587755
2025-04-28,0.2309048178613396,5106,0.35179257209091164,0.4254658633614309
2025-04-29,0.6653543307086615,5080,0.47539624201159664,0.46248821620112873
2025-04-30,0.6300373501081188,5087,0.5087654995593733,0.47015387941790304
2025-05-06,0.9176608644631332,5113,0.7376841817599712,0.5947773881212084
2025-05-07,0.613880742913001,5115,0.7205263191614177,0.611567621210851
2025-05-08,0.7159890539483972,5116,0.7491768871081771,0.7085844684282623
2025-05-09,0.21989835809225958,5116,0.5165893849845526,0.6194932739049819
2025-05-12,0.7527365129007036,5116,0.5628746416471201,0.644033106463499
2025-05-13,0.3654485049833887,5117,0.44602779199211734,0.5335906345675501
2025-05-14,0.4217314832909908,5117,0.5133055003916943,0.4951607826431479
2025-05-15,0.25039093041438626,5116,0.3458569728962553,0.40204115793634576
2025-05-16,0.5560117302052786,5115,0.40937804797021854,0.46926383235894953
2025-05-19,0.6665362035225049,5110,0.4909796213807232,0.45202377048330983
2025-05-20,0.7005473025801408,5116,0.6410317454359747,0.5190435300026602
2025-05-21,0.2996870109546166,5112,0.5555901723524207,0.49463463553538534
2025-05-22,0.16833039733803093,5109,0.38952157029092943,0.47822252892011435
2025-05-23,0.2011348072784191,5111,0.22305073852368887,0.40724714433474246
2025-05-26,0.6913290272068898,5109,0.35359807727444664,0.41220570907161946
2025-05-27,0.49422587590526523,5109,0.4622299034635247,0.37094142373664435
2025-05-28,0.32523986684942235,5107,0.5035982566538592,0.3760519949156055
2025-05-29,0.8142493638676844,5109,0.5445717022074573,0.5052357882215361
2025-05-30,0.20732184808144088,5108,0.4489370262661825,0.5064731963821406
2025-06-03,0.6244122257053292,5104,0.5486611458848182,0.49308983608182844
2025-06-04,0.7332681017612525,5110,0.5216673918493409,0.5408982812530259
2025-06-05,0.49530332681017614,5110,0.6176612180922526,0.5749109732451766
2025-06-06,0.475547730829421,5112,0.5680397198002832,0.5071706466375239
2025-06-09,0.7576350822239624,5108,0.5761620466211865,0.6172332934660283
2025-06-10,0.22985133020344287,5112,0.48767804775227547,0.5383211143656509
2025-06-11,0.6218224481814627,5114,0.5364362868696226,0.5160319836496929
2025-06-12,0.4173674946215529,5113,0.4230137576688195,0.5004448172119684
2025-06-13,0.15316901408450703,5112,0.3974529856291742,0.43596907386298556
2025-06-16,0.6570199452483378,5114,0.409185484651466,0.41584604646786066
2025-06-17,0.41590154327017,5119,0.40869683420100494,0.4530560890812061
2025-06-18,0.3307286579410041,5119,0.46788338215317066,0.3948373310331144
2025-06-19,0.13305978898007034,5118,0.2932299967304148,0.33797578990481786
2025-06-20,0.280046902481923,5117,0.24794511646766582,0.3633513675843011
2025-06-23,0.8176838810641628,5112,0.41026352417538536,0.395484154747466
2025-06-24,0.8793743890518084,5115,0.6590350575326314,0.4881787239037937
2025-06-25,0.7217986314760508,5115,0.8062856338640073,0.5663927186108031
2025-06-26,0.29431307406683604,5117,0.6318286981982317,0.5986433756281562
2025-06-27,0.6167383652718029,5114,0.5442833569382299,0.6659816681861322
2025-06-30,0.7507824726134585,5112,0.5539446373173659,0.6526013864959914
2025-07-01,0.4896322378716745,5112,0.6190510252523119,0.5746529562599646
2025-07-02,0.36255135981216985,5111,0.5343220234324343,0.5028035019271885
2025-07-03,0.6045783603991391,5111,0.4855873193609945,0.5648565591936491
2025-07-04,0.22100528065714845,5113,0.3960450002894858,0.4857099422707181
2025-07-07,0.607471151965578,5113,0.47768493100728854,0.457047678141142
2025-07-08,0.7881040892193308,5111,0.5388601739473524,0.5167420484106733
2025-07-09,0.3513883457176379,5114,0.5823211956341822,0.5145094455917669
2025-07-10,0.5405828280852728,5113,0.5600250876740805,0.5017103391289937
2025-07-11,0.5382059800664452,5117,0.47672571795645197,0.5651504790108529
2025-07-14,0.5852561595619867,5114,0.5546816559045683,0.5607074805301346
2025-07-15,0.24848484848484848,5115,0.45731566270442675,0.4527836323832382
2025-07-16,0.610872115760657,5114,0.4815377079358307,0.504680386391842
2025-07-17,0.6572825024437927,5115,0.5055464888964328,0.5280203212635459
2025-07-18,0.48670316777473605,5114,0.5849525953263953,0.5177197588052042
2025-07-21,0.7372434017595307,5115,0.6270763573260199,0.548117207244713
2025-07-22,0.465088988851946,5113,0.5630118527954043,0.5914380353181324
2025-07-23,0.23773216031280547,5115,0.48002151697476075,0.5168100442285621
2025-07-24,0.8079780993351584,5114,0.50359974949997,0.5469491636068353
2025-07-25,0.47439405785770133,5116,0.506701439168555,0.5444873416234284
2025-07-28,0.5180769982411569,5117,0.6001497184780055,0.5006540609197536
2025-07-29,0.41554383909392695,5121,0.46933829839759506,0.4907450309681498
2025-07-30,0.3177734375,5120,0.417131424945028,0.5067532864055887
2025-07-31,0.19628543499511242,5115,0.3098675705296798,0.3844147535375795
2025-08-01,0.6129788897576232,5116,0.37567925408424513,0.4121317199175639
2025-08-04,0.7199295912380207,5113,0.5097313053302521,0.45250223851693666
2025-08-05,0.7291748142354322,5114,0.6873610984103586,0.5152284335452377
2025-08-06,0.6125122189638319,5115,0.687205541479095,0.574176189838004
2025-08-07,0.39002932551319647,5115,0.5772387862374868,0.6129249679416209
2025-08-08,0.460019550342131,5115,0.48752036493971973,0.5823331000585223
2025-08-11,0.7759968725566849,5116,0.5420152494706708,0.5935465563222554
2025-08-12,0.389409925752247,5118,0.5418087828836876,0.5255935786256183
2025-08-13,0.5102639296187683,5115,0.5585569093092334,0.5051439207566055
2025-08-14,0.13721657544956997,5116,0.3456301436068618,0.4545813707438803
2025-08-15,0.8469208211143695,5115,0.4981337753942359,0.531961624898328
2025-08-18,0.7334246039507138,5113,0.5725206668382178,0.5234471711771337
2025-08-19,0.5476935105551212,5116,0.7093463118734015,0.5551038881377085
2025-08-20,0.6827694113045178,5113,0.6546291752701177,0.5896049844748584
2025-08-21,0.40989053948397186,5116,0.546784487114537,0.6441397772817389
2025-08-22,0.5224784988272088,5116,0.5383794832052329,0.5792513128243068
2025-08-25,0.6243158717748241,5116,0.5188949700286684,0.5574295663891288
2025-08-26,0.5290209106898573,5117,0.5586050937639634,0.5536950464160759
2025-08-27,0.11586557248925361,5118,0.4230674516513117,0.4403142786530231
2025-08-28,0.5242282141461508,5118,0.38970489910842065,0.4631818135854589
2025-08-29,0.3626588465298143,5115,0.33425087772173967,0.43121788312598
2025-09-01,0.593939393939394,5115,0.4936088182051197,0.425142587558894
2025-09-02,0.21266614542611414,5116,0.38975479529844087,0.36187163450614535
2025-09-03,0.15064478311840562,5118,0.3190834408279713,0.3688274766319758
2025-09-04,0.4127418409224155,5117,0.25868425648897847,0.3465302019872287
2025-09-05,0.894078561657221,5117,0.4858217285660141,0.45281414501271
2025-09-08,0.741305197342712,5118,0.6827085333074496,0.48228730569337375
2025-09-09,0.2445790193397148,5119,0.6266542594465494,0.4886698804760938
2025-09-10,0.4603515625,5120,0.4820785930608091,0.5506112363524127
2025-09-11,0.7797967956232903,5118,0.4949091258210017,0.6240222272925876
2025-09-12,0.36203866432337434,5121,0.5340623408155549,0.5176142478258183
2025-09-15,0.3481148661848017,5119,0.4966501087104888,0.43897618159423624
2025-09-16,0.677734375,5120,0.4626293018360587,0.5256072527262933
2025-09-17,0.45653447939050595,5119,0.49412790685843594,0.5248438361043944
2025-09-18,0.18444704962876124,5118,0.43957196800642245,0.40577388690548866
2025-09-19,0.3539753858175425,5119,0.33165230494560327,0.4041612312043223
2025-09-22,0.40742913000977515,5115,0.31528385515202634,0.416024083969317
2025-09-23,0.20824379761672202,5119,0.3232161044813466,0.3221259684926614
2025-09-24,0.8188391635724057,5117,0.47817069706630094,0.3945869053290413
2025-09-25,0.27784290738569756,5118,0.43497528952494174,0.41326607688042866
2025-09-26,0.33457103771741253,5117,0.47708436955850536,0.4093852072604026
2025-09-29,0.667188417139503,5111,0.42653412074753777,0.46133706468634816
2025-09-30,0.4945226917057903,5112,0.49876071552090195,0.5185928435041618
2025-10-09,0.5767423649177761,5108,0.5794844912543565,0.4701734837732358
2025-10-10,0.5068493150684932,5110,0.5260381238973532,0.515974765309795
2025-10-13,0.31259780907668233,5112,0.4653964963543172,0.511580119581649
2025-10-14,0.3148836299628398,5113,0.37811025136933846,0.4411191621463163
2025-10-15,0.7993350283590847,5113,0.47560548913286893,0.5020816294769752
2025-10-16,0.2181391712275215,5116,0.44411927651648203,0.43036099073892425
2025-10-17,0.11098085189527158,5118,0.37615168382729264,0.35118729810427995
2025-10-20,0.7497069167643611,5118,0.3596089799623847,0.4386091196418157
2025-10-21,0.8473715067422318,5117,0.5693530918006214,0.5451066949976942
2025-10-22,0.40871774824081314,5116,0.6685987239158021,0.46698323897403987
2025-10-23,0.5603751465416178,5118,0.6054881338415543,0.5354304340368591
2025-10-24,0.5550996483001173,5118,0.508064181027516,0.6242541933178283
2025-10-27,0.625170998632011,5117,0.5802152644912487,0.5993470096913581
2025-10-28,0.4438795463433711,5114,0.5413833977584998,0.518648617611586
2025-10-29,0.4692999608916699,5114,0.512783501955684,0.5307650601417574
2025-10-30,0.22921963622139643,5113,0.38079971448547917,0.46453395807771314
2025-10-31,0.6898709425107548,5114,0.46279684654127373,0.49148821691984057
2025-11-03,0.6642549863120845,5114,0.5277818550147453,0.4993050144558554
2025-11-04,0.30836918263590146,5114,0.5541650371529135,0.4722029417143614
2025-11-05,0.6221396440445922,5113,0.5315879376641927,0.5027708783449458
2025-11-06,0.5447965571205008,5112,0.4917684612669982,0.5658862625247667
2025-11-07,0.3963223787167449,5112,0.521086193293946,0.5071765497659648
2025-11-10,0.6297165200391007,5115,0.5236118186254488,0.500268856511368
2025-11-11,0.5116324535679374,5115,0.512557117441261,0.5409215106977753
2025-11-12,0.31600547195622436,5117,0.4857848151877542,0.47969467628010165
2025-11-13,0.7257623143080532,5116,0.5178000799440716,0.5158878277176121
2025-11-14,0.3697692608525616,5114,0.4705123490389463,0.5105772041447755
2025-11-17,0.48914531586152943,5113,0.5282256303407148,0.4824629633092612
2025-11-18,0.24134558967338157,5113,0.36675338879582425,0.42840559053035
2025-11-19,0.22248289345063538,5115,0.31765793299518214,0.40970107482923224
2025-11-20,0.268283144309738,5114,0.24403720914458496,0.3182052408295692
2025-11-21,0.0656763096168882,5116,0.18548078245908717,0.25738665058243454
2025-11-24,0.7752347417840375,5112,0.36973139857022125,0.31460453576693614
2025-11-25,0.7889998042669798,5109,0.5433036185559685,0.42413537868565576
2025-11-26,0.3155729676787463,5105,0.6266025045765878,0.44275339353127796
2025-11-27,0.5235109717868338,5104,0.5426945812441867,0.4937989590266971
2025-11-28,0.7726827356456986,5103,0.5372555583704263,0.6352002442324591
2025-12-01,0.6089680830233013,5107,0.6350539301519446,0.601946912480312
2025-12-02,0.2909478581120372,5159,0.5575328922603456,0.5023365232493234
2025-12-03,0.2703330751355538,5164,0.3900830054236308,0.493288544740685
2025-12-04,0.2704378148004649,5162,0.2772395826826853,0.4426739133434111
2025-12-05,0.8055824772242682,5159,0.4487844557200957,0.44925386165912506
2025-12-08,0.6200348769618291,5161,0.5653517229955208,0.45146722044683063
2025-12-09,0.24409143742735373,5162,0.5565695972044837,0.4420959363098939
2025-12-10,0.44804187669639395,5158,0.43738939702852564,0.477637696622062
2025-12-11,0.15791513272621585,5161,0.2833494822833212,0.45513316020721223
2025-12-12,0.48838109992254064,5164,0.36477936978171677,0.39169288474686664
2025-12-15,0.42823939570017433,5163,0.3581785427829769,0.35333378849453567
2025-12-16,0.180286599535244,5164,0.3656356983859863,0.34057282091611374
2025-12-17,0.6706041828040279,5164,0.42637672601314874,0.3850852821376406
2025-12-18,0.5332946186604723,5166,0.46139513366658136,0.46016117932449185
2025-12-19,0.8235863671572424,5164,0.6758283895405809,0.5272022327714322
2025-12-22,0.547093023255814,5160,0.6346580030245096,0.5509729582825601
2025-12-23,0.28341728012398293,5162,0.5513655568456798,0.571599094400308
2025-12-24,0.7646717024985473,5163,0.5317273352927814,0.5904125983392119
2025-12-25,0.6969990319457889,5165,0.5816960048561063,0.6231534809962751
2025-12-26,0.3472114639814098,5164,0.602960732808582,0.5278785003611086
2025-12-29,0.3718544328300426,5166,0.4720216429190804,0.49283078227595434
2025-12-30,0.3378509196515005,5165,0.35230560548765094,0.5037175101814577
2025-12-31,0.45595353339787026,5165,0.38855296195980443,0.4419738763613224
2026-01-05,0.7641363284275755,5164,0.5193135938256487,0.4554013356576797
2026-01-06,0.7475314617618587,5165,0.6558737745291014,0.5354653352137695
2026-01-07,0.39411536972512584,5166,0.6352610533048533,0.5399175225927861
2026-01-08,0.684027105517909,5165,0.6085579790016311,0.6091527597660679
2026-01-09,0.7209527498063517,5164,0.5996984083497955,0.6621526030477641
2026-01-12,0.7542602633617351,5164,0.7197467062286652,0.6601773900345961
2026-01-13,0.29590847391894515,5157,0.5903738290290107,0.5698527924660134
2026-01-14,0.4995154099631712,5159,0.5165613824146171,0.5909328005136224
2026-01-15,0.4105793450881612,5161,0.4020010763234258,0.5362432484276729
2026-01-16,0.4295951965911292,5163,0.4465633172141538,0.47797173778462837
2026-01-19,0.6553059643687065,5164,0.4984935020159989,0.4581808779860227
2026-01-20,0.40938449848024316,5264,0.4980952198133595,0.4808760828982822
2026-01-21,0.5644736842105263,5320,0.5430547156864919,0.4938677377477532
2026-01-22,0.6612781954887218,5320,0.5450454593931636,0.5440075078278654
2026-01-23,0.7192257094531103,5321,0.6483258630507861,0.6019336104002615
2026-01-26,0.29302238104194095,5317,0.5578420953279243,0.5294768937349086
2026-01-27,0.3511378596953169,5317,0.45446198339678934,0.5178275659779232
2026-01-28,0.31753197893152746,5316,0.3205640732229284,0.4684392249221235
2026-01-29,0.3344620015048909,5316,0.3343772800439117,0.40307598612535733
2026-01-30,0.4495481927710843,5312,0.36718072440250077,0.34914048278895216
2026-02-02,0.14113662024840046,5314,0.3083822715081252,0.31876333063024404
2026-02-03,0.8874670681219421,5314,0.4927172937138089,0.426029172315569
2026-02-04,0.5978935489937935,5317,0.5421657457880453,0.48210148632802224
2026-02-05,0.29708372530573846,5315,0.5941481141404913,0.4746258310881918
2026-02-06,0.5026345502446368,5314,0.4658706081813895,0.48524310258290226
2026-02-09,0.8430560782837787,5314,0.5475914512780512,0.6256269941899779
2026-02-10,0.40387509405568095,5316,0.5831885741946988,0.5289085993767257
2026-02-11,0.37723424270931327,5315,0.5413884716829243,0.4847767381198297
2026-02-12,0.38345864661654133,5320,0.3881893277938451,0.5020517223819903
2026-02-13,0.2814968033095149,5318,0.3473965642117897,0.4578241729949658
2026-02-24,0.7290334712297857,5318,0.46466297371861387,0.4350196515841672
2026-02-25,0.6824082784571966,5315,0.5643128509988323,0.49072628846447036
2026-02-26,0.4527662777568687,5314,0.621402675814617,0.5058326954739815
2026-02-27,0.6033120060218291,5314,0.5794955207452981,0.549803367355039
2026-03-02,0.21023903632599283,5313,0.4221057733682301,0.5355518139583346
2026-03-03,0.11723748588633798,5314,0.3102628427447199,0.41319261688964504
2026-03-04,0.3164628410159925,5315,0.214646454409441,0.3400035294014042
2026-03-05,0.7473664409330324,5316,0.3936889226117876,0.398923562036637
2026-03-06,0.7780285929270128,5316,0.6139526249586792,0.4338668794176737
2026-03-09,0.2617033276931754,5319,0.5956994538510735,0.4441597376911102
2026-03-10,0.8254654880571751,5317,0.6217324695591211,0.5858053381252776
2026-03-11,0.375,5320,0.4873896052501168,0.5975127699220791
2026-03-12,0.26917293233082706,5320,0.4898794734626673,0.501874068201638
2026-03-13,0.273359654070314,5319,0.305844195467047,0.4009402804302983
2026-03-16,0.519368183527642,5318,0.35396692330959434,0.4524732515971916
2026-03-17,0.14823175319789314,5316,0.3136531969319497,0.3170265046253352
2026-03-18,0.6489841986455982,5316,0.4388613784570445,0.37182334435445485
2026-03-19,0.09292701279157262,5316,0.29671432154502136,0.336574160446604
2026-03-20,0.12074478089148016,5317,0.2875519974428837,0.30605118581083723
2026-03-23,0.055649558187629254,5319,0.089773783956894,0.2133074607428347
2026-03-24,0.9383110776753808,5317,0.37156847225149675,0.37132332563833226
2026-03-25,0.8914597441685478,5316,0.6284734600105193,0.4198184347429221
2026-03-26,0.16933207902163688,5315,0.6663676336218551,0.43509944798893496
2026-03-27,0.79344756166447,5311,0.6180797949515515,0.569640004143533
2026-03-30,0.5288244159758855,5308,0.49720135222066414,0.6642749757011842
2026-03-31,0.18433440030126153,5311,0.502202125980539,0.5134796402263604
2026-04-01,0.8174289478637304,5313,0.5101959213802925,0.4986734809653969
2026-04-02,0.19160549595332205,5313,0.39778961470610463,0.5031281643517339
2026-04-03,0.1292811441475348,5314,0.37943852932152905,0.37029488084834683
2026-04-07,0.7249623493975904,5312,0.34861632983281576,0.4095224675326879
2026-04-08,0.940744920993228,5316,0.5983294715127845,0.5608045716710811
2026-04-09,0.2097047207071657,5317,0.6251373303659947,0.43925972623976817
2026-04-10,0.7220759684091764,5318,0.6241752033698568,0.5453538207309391
2026-04-13,0.431339352896915,5316,0.4543733473377524,0.6057654624808151
2026-04-14,0.6746897329823242,5318,0.6093683514294719,0.5957109391977619
2026-04-15,0.32844243792325056,5316,0.4781571746008299,0.47325044258376636
2026-04-16,0.7855933797254091,5317,0.5962418502103279,0.5884281743874151
2026-04-17,0.42784571966133583,5315,0.5139605124366652,0.5295821246378469
2026-04-20,0.6231638418079096,5310,0.6122009803982181,0.5679470224200458
2026-04-21,0.35403726708074534,5313,0.46834894284999695,0.5038165292397301
2026-04-22,0.5308734939759037,5312,0.5026915342881862,0.5443027404502607
2026-04-23,0.24486720663025052,5309,0.3765926558956332,0.43615750583122903
2026-04-24,0.3712563571294029,5309,0.382332352578519,0.4248396333248424
2026-04-27,0.5967589975504052,5307,0.4042941871033529,0.41955866447334156
2026-04-28,0.3137735849056604,5300,0.4272629798618228,0.41150592803832453
2026-04-29,0.72766925848663,5273,0.5460672803142318,0.45086508094046984
2026-04-30,0.5218216318785579,5270,0.5210881584236161,0.5062559659901313
2026-05-06,0.7060377358490566,5300,0.6518428754047482,0.573212241734062
2026-05-07,0.6346661637118068,5302,0.6208418438131404,0.5807936749663425
2026-05-08,0.6549056603773585,5300,0.665203186646074,0.649020090060682
2026-05-11,0.5677614194035485,5298,0.6191110811642381,0.6170385222440656
2026-05-12,0.24844251463092315,5297,0.4903698648039434,0.5623626987945387
2026-05-13,0.5850943396226415,5300,0.467099424552371,0.5381740195492557
2026-05-14,0.19264150943396227,5300,0.3420594545625089,0.4497690886936868
2026-05-15,0.31943396226415094,5300,0.36572327044025155,0.38267474907104526
2026-05-18,0.4277631082610336,5302,0.3132795266530489,0.35467508684254223
2026-05-19,0.6579841449603624,5298,0.46839373849518234,0.4365834129084301
2026-05-20,0.2942285929837797,5302,0.45999194873505855,0.37841026358065777
2026-05-21,0.12704995287464657,5305,0.3597542302729295,0.36529195226879463
2026-05-22,0.6998491704374057,5304,0.37370923876527734,0.4413749939034456
2026-05-25,0.3980015082956259,5304,0.40830021053589277,0.43542267391036404
2026-05-26,0.24641779788838614,5304,0.4480894922071393,0.35310940449596884
2026-05-27,0.1747737556561086,5304,0.27306435394670686,0.32921843703043463
2026-05-28,0.5384615384615384,5304,0.31988436400201103,0.411500754147813
2026-05-29,0.2766358664906657,5303,0.32995705353610427,0.32685809335846494
2026-06-01,0.6859566446748351,5305,0.5003513498756798,0.38444912063430675
2026-06-02,0.27526395173454,5304,0.4126188209666803,0.3902183514035375
2026-06-03,0.3085908063300678,5308,0.4232704675798144,0.4169817615383294
2026-06-04,0.2362471740768651,5308,0.27336731071382436,0.3565388886613947
2026-06-05,0.5873822975517891,5310,0.377406759319574,0.4186881748736194
2026-06-08,0.15875706214689267,5310,0.32746217792518234,0.3132482583680309
2026-06-09,0.5999246562441137,5309,0.4486880053142652,0.3781803992699457
2026-06-10,0.2793064455333585,5306,0.34599605464145505,0.3723235271106038
2026-06-11,0.24396681749622925,5304,0.3743993064245672,0.37386745579447667
2026-06-12,0.7117813383600377,5305,0.4116848671298752,0.39874726395612636
2026-06-15,0.7007547169811321,5300,0.5521676242791331,0.5071467949229743
2026-06-16,0.49085768143261077,5305,0.6344645789245936,0.4853333999606736
2026-06-17,0.3048481418600264,5301,0.49882018009125645,0.4904417392260072
